date,open,high,low,close
2018-03-11,8770.22,9740,8450,9533.57
2018-03-12,9533.57,9888.88,8780,9131.34
2018-03-13,9131.34,9474,8823,9150
2018-03-14,9151.92,9333.78,7900.28,8170
2018-03-15,8184.01,8430,7650,8240.98
2018-03-16,8240.98,8611.64,7900,8260
2018-03-17,8260,8348.62,7721.99,7824.8
2018-03-18,7824.01,8317.4,7322,8189.99
2018-03-19,8189,8705.23,8088.4,8600
2018-03-20,8595.01,9050,8280,8909.98
2018-03-21,8909.96,9177.01,8750.6,8885
2018-03-22,8884.82,9100,8465.1,8722.9
2018-03-23,8720,8909,8269,8898.03
2018-03-24,8898.04,8999.95,8491,8546.86
2018-03-25,8531.25,8669.85,8365.77,8470.15
2018-03-26,8470.14,8514.89,7831,8134.23
2018-03-27,8134.22,8215.94,7730,7795.51
2018-03-28,7795.51,8109,7728,7949.3
2018-03-29,7949.3,7975,6941.11,7090.14
2018-03-30,7090.16,7292.43,6600.1,6840.23
2018-03-31,6840.24,7223.36,6777,6923.91
2018-04-01,6922,7049.98,6430,6813.01
2018-04-02,6813.01,7125,6765,7056
2018-04-03,7063.97,7520,7011.01,7405.21
2018-04-04,7405.21,7427.52,6707,6796.1
2018-04-05,6796.1,6902,6566.69,6770.76
2018-04-06,6770,6850,6500,6601.39
2018-04-07,6601.39,7070,6586.28,6895.8
2018-04-08,6895.81,7109.13,6880,7018
2018-04-09,7011.04,7185,6611,6782.72
2018-04-10,6781.55,6890,6656,6843.9
2018-04-11,6839.56,6990,6787,6953.79
2018-04-12,6953.78,8012.23,6743.2,7923
2018-04-13,7922.99,8233.39,7732,7877.41
2018-04-14,7877.48,8186,7810,7999.01
2018-04-15,8004,8429.54,7999.02,8355
2018-04-16,8355.07,8419,7867,8064.92
2018-04-17,8064.92,8173.7,7825.4,7885.02
2018-04-18,7890.96,8236.43,7868,8173
2018-04-19,8173.99,8296,8080,8278
2018-04-20,8273.84,8930,8177.09,8856.98
2018-04-21,8852.12,9035,8565,8915.31
2018-04-22,8915.31,9020.67,8727.68,8787.02
2018-04-23,8785.7,8985,8745,8934.01
2018-04-24,8934,9731.01,8922,9619.99
2018-04-25,9618.96,9759.82,8730,8869.99
2018-04-26,8869.99,9307.48,8651.62,9266
2018-04-27,9267.03,9395,8889,8915.35
2018-04-28,8915.35,9427.48,8870,9348
2018-04-29,9348,9570.51,9163.74,9419
2018-04-30,9417.04,9458.64,9124.99,9246.01
2018-05-01,9246.01,9248.99,8800.49,9071.48
2018-05-02,9071.48,9268,8970.2,9247.84
2018-05-03,9247.81,9844,9168.4,9750
2018-05-04,9750,9830.04,9520.85,9713.99
2018-05-05,9714,10020,9682,9864
2018-05-06,9863.99,9970,9417.03,9659.01
2018-05-07,9661.02,9689.67,9181,9365
2018-05-08,9365,9475.7,9060.54,9187.56
2018-05-09,9178,9390,8965,9310
2018-05-10,9310,9395.12,8970,9002.2
2018-05-11,9002.21,9016.8,8341,8400
2018-05-12,8405.94,8646.88,8153,8465.94
2018-05-13,8475.44,8763.36,8298,8679.71
2018-05-14,8679.71,8879.99,8277,8663.34
2018-05-15,8663.37,8859.99,8401.3,8462
2018-05-16,8462,8488,8083.01,8330
2018-05-17,8330,8464,7979,8041.46
2018-05-18,8038.82,8273.21,7911.9,8239.81
2018-05-19,8238.01,8390.8,8095.73,8233.49
2018-05-20,8233.49,8609,8163.9,8526.98
2018-05-21,8526.97,8595.31,8305,8381.24
2018-05-22,8386.89,8400.18,7935.11,7977.11
2018-05-23,7977.12,8031.9,7425,7501.95
2018-05-24,7501.95,7730.73,7266.99,7575.01
2018-05-25,7578.99,7649.55,7308.15,7457
2018-05-26,7456.99,7620,7300,7333.96
2018-05-27,7334,7400,7231.11,7338.99
2018-05-28,7338.99,7437,7058.02,7099
2018-05-29,7099,7540,7032.95,7461.29
2018-05-30,7467.98,7569,7260.5,7375.96
2018-05-31,7382.07,7699,7327.51,7485.01
2018-06-01,7485.01,7608.55,7355.54,7521.01
2018-06-02,7521.01,7697.33,7437,7640.03
2018-06-03,7636.81,7786.69,7600,7714.26
2018-06-04,7714.26,7760.52,7446.5,7487
2018-06-05,7487,7679.49,7358,7625
2018-06-06,7626.64,7699,7467.05,7658.84
2018-06-07,7658.79,7765,7620,7691.08
2018-06-08,7691.08,7703.5,7531,7603.44
2018-06-09,7603.44,7683.98,7450,7491.73
2018-06-10,7491.73,7491.73,6622.81,6764.99
2018-06-11,6765,6922,6610,6872
2018-06-12,6872,6890.51,6435,6530
2018-06-13,6530,6627.6,6118.68,6292.78
2018-06-14,6292.78,6720,6260,6635.98
2018-06-15,6638.67,6666.66,6362.31,6388.9
2018-06-16,6380.01,6560,6320.86,6483.98
2018-06-17,6482.5,6589.03,6422,6449.61
2018-06-18,6444.06,6794.38,6380,6712.46
2018-06-19,6711.39,6841.74,6653,6741.21
2018-06-20,6740,6817.23,6551.81,6761.51
2018-06-21,6763.21,6795,6672.57,6718.84
2018-06-22,6717.69,6733.97,5918.94,6045
2018-06-23,6045.92,6260,6008.48,6149.98
2018-06-24,6149.98,6259.8,5750,6136.97
2018-06-25,6137.95,6350,6061.97,6252
2018-06-26,6252,6272.54,6035,6070.78
2018-06-27,6065.89,6190.43,5971,6133.73
2018-06-28,6134.73,6173.01,5827,5853.98
2018-06-29,5851.01,6300,5780,6197.92
2018-06-30,6197.92,6528.99,6186.03,6390.07
2018-07-01,6391.08,6441.06,6251,6356.81
2018-07-02,6360.82,6685,6271.62,6615.29
2018-07-03,6615.29,6679.35,6463.01,6513.86
2018-07-04,6511.01,6784.92,6441.11,6586.98
2018-07-05,6585.53,6712,6453.33,6529.2
2018-07-06,6529.2,6648.54,6425,6609.78
2018-07-07,6609.79,6818.16,6508.88,6756.98
2018-07-08,6753.48,6780,6667.44,6712.1
2018-07-09,6712.1,6802.06,6612.24,6662.12
2018-07-10,6662.78,6681,6263,6296.91
2018-07-11,6296.91,6406,6278.99,6378.07
2018-07-12,6378.07,6380.28,6070,6250.57
2018-07-13,6251.4,6350,6110,6214.57
2018-07-14,6214.57,6335,6178,6251.99
2018-07-15,6250.9,6395,6225.4,6353.01
2018-07-16,6354.15,6747.3,6330.4,6723.35
2018-07-17,6723.33,7468.99,6652.04,7317.44
2018-07-18,7317.44,7588.08,7225.38,7381.9
2018-07-19,7381.88,7576.28,7270,7466.21
2018-07-20,7468.86,7700,7273,7337.53
2018-07-21,7337.47,7458.47,7211,7398.78
2018-07-22,7399.25,7582.4,7335.5,7394.79
2018-07-23,7394.78,7833,7375,7721.01
2018-07-24,7721.65,8486,7696,8397.24
2018-07-25,8397.24,8491.77,8050,8175.64
2018-07-26,8175.63,8315.69,7850.06,7920
2018-07-27,7920,8285,7805,8188.57
2018-07-28,8188.57,8246.54,8067,8225.04
2018-07-29,8225.04,8294.51,8115,8211
2018-07-30,8210.99,8273,7866,8173.92
2018-07-31,8171.4,8180,7633,7730.93
2018-08-01,7735.67,7750,7430,7604.58
2018-08-02,7600.08,7709.46,7455.72,7525.71
2018-08-03,7525.71,7540,7282.44,7418.78
2018-08-04,7412.27,7494.81,6926,7009.84
2018-08-05,7009.84,7089.87,6882.29,7024.19
2018-08-06,7024.19,7160,6821,6934.82
2018-08-07,6935,7150.46,6670,6720.06
2018-08-08,6720.63,6721.54,6123,6285
2018-08-09,6283.27,6622.81,6178.6,6529.79
2018-08-10,6529.79,6575.88,6026.39,6144.01
2018-08-11,6148.13,6488,5971,6232.35
2018-08-12,6222.55,6472.3,6130,6308.33
2018-08-13,6308.56,6545,6145.04,6246.35
2018-08-14,6248.25,6250.33,5880,6188.08
2018-08-15,6188.08,6609,6172.11,6267.16
2018-08-16,6265.27,6480,6205.6,6311.75
2018-08-17,6316,6585,6285.4,6584.49
2018-08-18,6579.04,6620,6288,6387.96
2018-08-19,6387.96,6541,6300,6477.53
2018-08-20,6477.53,6530,6220,6254.84
2018-08-21,6251,6500,6235.08,6480
2018-08-22,6479.98,6882.54,6251.2,6360.89
2018-08-23,6362.57,6576.99,6342.28,6525.01
2018-08-24,6525,6725,6440.5,6681.64
2018-08-25,6686.98,6789,6650.61,6733.64
2018-08-26,6733.64,6775.27,6568,6700
2018-08-27,6700,6940.51,6646.5,6908.64
2018-08-28,6907.26,7135,6860,7076.11
2018-08-29,7077,7133.81,6912.34,7031.22
2018-08-30,7033.21,7063.63,6784.81,6984.84
2018-08-31,6984.84,7089,6888,7011.21
2018-09-01,7011.21,7275,7008.74,7200.01
2018-09-02,7201.57,7345.45,7127,7302.01
2018-09-03,7302,7338.28,7191.63,7263.02
2018-09-04,7263,7410,7227.17,7359.06
2018-09-05,7359.05,7397.3,6682,6700
2018-09-06,6697.27,6725,6265,6516.01
2018-09-07,6516.84,6544,6320,6395.54
2018-09-08,6395.54,6478,6111,6185.05
2018-09-09,6185.06,6441,6141.53,6250.81
2018-09-10,6252.26,6373.98,6221,6312
2018-09-11,6311.99,6404,6169.68,6294.91
2018-09-12,6293,6360,6192.37,6338.62
2018-09-13,6338.62,6535,6337.4,6487.38
2018-09-14,6487.39,6584.99,6385.62,6476.63
2018-09-15,6476.63,6565.45,6466.13,6514.96
2018-09-16,6514.96,6524.62,6370,6505
2018-09-17,6500.08,6533.84,6201,6248.69
2018-09-18,6248.69,6390,6224.98,6336.45
2018-09-19,6336.39,6517.7,6123,6391.89
2018-09-20,6392,6540,6325,6492
2018-09-21,6492,6784.86,6491,6759.02
2018-09-22,6759.01,6839.03,6627,6723.05
2018-09-23,6723.05,6788.23,6661.75,6708
2018-09-24,6706.81,6730,6557,6581.39
2018-09-25,6581.42,6584.01,6325.02,6447.54
2018-09-26,6445.11,6557.99,6379.7,6465.12
2018-09-27,6467.84,6750,6434,6689.13
2018-09-28,6689.12,6814.8,6540.88,6634.58
2018-09-29,6634.58,6636,6464.57,6596.38
2018-09-30,6597.66,6662,6533,6626.57
2018-10-01,6626.57,6667.09,6510,6611.61
2018-10-02,6610,6640,6494,6525.79
2018-10-03,6525.79,6549,6430,6510
2018-10-04,6510.01,6643.46,6505.09,6593.79
2018-10-05,6591.69,6697,6543.08,6635.65
2018-10-06,6635.65,6651,6566.77,6594.27
2018-10-07,6596.44,6640,6525,6615.26
2018-10-08,6615.26,6715.6,6587,6673.01
2018-10-09,6673.01,6685.38,6607,6656.61
2018-10-10,6656.67,6659.95,6530,6631
2018-10-11,6630.21,6633.92,6205,6252.68
2018-10-12,6252.71,6360,6209,6298.01
2018-10-13,6298,6345,6285.07,6332.93
2018-10-14,6332.92,6416,6308,6339.34
2018-10-15,6339.34,7680,6300,6752.5
2018-10-16,6752.5,6900,6670,6759.27
2018-10-17,6762.76,6811.12,6676.01,6740.89
2018-10-18,6739.01,6796,6567,6618.96
2018-10-19,6618.96,6648.14,6523,6528.88
2018-10-20,6528.88,6617.65,6505.55,6588.4
2018-10-21,6585.72,6663.9,6580,6590.11
2018-10-22,6590.12,6639,6535.27,6581.2
2018-10-23,6581.2,6595,6515.45,6553.51
2018-10-24,6553.51,6630,6547.53,6565.5
2018-10-25,6566.81,6575.09,6502.8,6528.09
2018-10-26,6528.13,6600,6515.01,6538.63
2018-10-27,6538.63,6558.35,6463.04,6505.6
2018-10-28,6505.6,6514.17,6453,6489.93
2018-10-29,6489.93,6505.01,6315,6344.5
2018-10-30,6344.5,6395,6317.01,6330.87
2018-10-31,6330.01,6428,6245.02,6371.93
2018-11-01,6369.52,6442.65,6348.66,6410
2018-11-02,6410,6460.34,6388.2,6433.98
2018-11-03,6432.8,6439.97,6345,6387.09
2018-11-04,6388,6525,6359,6485.85
2018-11-05,6485.85,6504.39,6431.02,6468.99
2018-11-06,6468.99,6531.31,6445.18,6519.11
2018-11-07,6522.73,6615.15,6509,6578.46
2018-11-08,6578.46,6594,6468.22,6479.84
2018-11-09,6479.84,6511.53,6391.01,6419.99
2018-11-10,6419.99,6475.55,6411,6433.05
2018-11-11,6435.16,6462.14,6355,6449.81
2018-11-12,6450.71,6497,6421,6453.07
2018-11-13,6451.68,6498,6391.15,6457.66
2018-11-14,6458.98,6482.84,5656.87,5922.41
2018-11-15,5917.2,5939.54,5403.42,5753.4
2018-11-16,5757.09,5782.89,5549.25,5655.94
2018-11-17,5650.57,5656.6,5565.43,5628.29
2018-11-18,5630.49,5738.17,5617,5662
2018-11-19,5661.94,5664,4855,4910.03
2018-11-20,4913.4,5048.24,4326,4558.86
2018-11-21,4559.91,4787.2,4413.85,4661.07
2018-11-22,4661.08,4721.77,4335,4370
2018-11-23,4370.9,4484,4222.94,4420.61
2018-11-24,4415.63,4527,3824.69,3932.44
2018-11-25,3933.68,4233,3652.66,4085.78
2018-11-26,4088.69,4206,3701,3862.2
2018-11-27,3864.45,3940,3689.12,3875.21
2018-11-28,3875.63,4394.47,3874.27,4264.85
2018-11-29,4262.06,4450.38,4125.65,4295.84
2018-11-30,4295.72,4341.36,3943,4041.32
2018-12-01,4041.27,4299.99,3963.01,4190.02
2018-12-02,4190.98,4312.99,4103.04,4161.01
2018-12-03,4160.55,4179,3827,3884.01
2018-12-04,3884.76,4085,3781,3951.64
2018-12-05,3950.98,3970,3745,3769.84
2018-12-06,3768.44,3899.99,3500,3508.75
2018-12-07,3508.75,3549.99,3224.6,3403.55
2018-12-08,3403.57,3495,3222,3410.93
2018-12-09,3411.36,3658,3394.04,3545.37
2018-12-10,3548.49,3610,3370.11,3432.88
2018-12-11,3434.01,3480,3324.32,3380.39
2018-12-12,3379.23,3492,3350,3445
2018-12-13,3446.38,3460,3255.5,3302.06
2018-12-14,3302.06,3335.39,3177,3224.17
2018-12-15,3225.19,3276.5,3156.26,3211.72
2018-12-16,3211.71,3294,3186,3228.67
2018-12-17,3229.22,3585,3216,3509.08
2018-12-18,3509.03,3678.59,3424.47,3652.98
2018-12-19,3653,3912.73,3622.55,3662.22
2018-12-20,3660.01,4120,3635,4049.62
2018-12-21,4051.86,4139.99,3764,3838.66
2018-12-22,3840.25,3979,3785,3948.91
2018-12-23,3948.91,4021.53,3870,3929.71
2018-12-24,3929.71,4198,3924.83,4008.01
2018-12-25,4010.11,4020,3646.41,3745.79
2018-12-26,3745.56,3837.15,3656.74,3777.74
2018-12-27,3777.74,3813.98,3535,3567.91
2018-12-28,3567.89,3887.25,3540.04,3839.26
2018-12-29,3839,3892,3670,3695.32
2018-12-30,3696.71,3903.5,3657.9,3801.91
2018-12-31,3803.12,3810,3630.33,3702.9
2019-01-01,3701.23,3810.16,3642,3797.14
2019-01-02,3796.45,3882.14,3750.45,3858.56
2019-01-03,3857.57,3862.74,3730,3766.78
2019-01-04,3767.2,3823.64,3703.57,3792.01
2019-01-05,3790.09,3840.99,3751,3770.96
2019-01-06,3771.12,4027.71,3740,3987.6
2019-01-07,3987.62,4017.9,3921.53,3975.45
2019-01-08,3976.76,4069.8,3903,3955.13
2019-01-09,3955.45,4006.81,3930.04,3966.65
2019-01-10,3966.06,3996.01,3540,3585.88
2019-01-11,3585.88,3658,3465,3601.31
2019-01-12,3601.31,3618.19,3530,3583.13
2019-01-13,3584.1,3611.1,3441.3,3476.81
2019-01-14,3477.56,3671.87,3467.02,3626.09
2019-01-15,3626.08,3648.42,3516.62,3553.06
2019-01-16,3553.06,3645,3543.51,3591.84
2019-01-17,3591.84,3634.7,3530.39,3616.21
2019-01-18,3613.32,3620,3565.75,3594.87
2019-01-19,3594.87,3720,3594.23,3665.3
2019-01-20,3665.75,3693.73,3475,3539.28
2019-01-21,3539.26,3559.51,3475.5,3526.9
2019-01-22,3526.88,3608.5,3434.85,3570.93
2019-01-23,3570.41,3607.98,3514.5,3552.82
2019-01-24,3552.97,3589,3529.22,3569.62
2019-01-25,3569.07,3587.15,3522.51,3565.29
2019-01-26,3566.69,3662.94,3545,3565.25
2019-01-27,3565.62,3579,3486,3550.84
2019-01-28,3550.05,3557.75,3380.27,3434.15
2019-01-29,3434,3443.45,3349.92,3411.04
2019-01-30,3410.04,3478,3387.1,3458.18
2019-01-31,3457.5,3489.2,3418.8,3434.1
2019-02-01,3434.1,3488,3401.2,3462.07
2019-02-02,3462.2,3526.4,3440.29,3504.77
2019-02-03,3504.06,3511.09,3426,3458.11
2019-02-04,3458.11,3484.88,3433.31,3463.22
2019-02-05,3463.22,3478.97,3448.43,3471.59
2019-02-06,3471.57,3482.72,3380,3405.37
2019-02-07,3407,3426.45,3390,3398.4
2019-02-08,3398.4,3733.58,3373.1,3659.04
2019-02-09,3660.27,3680.02,3625.13,3665.18
2019-02-10,3665.18,3684.99,3609.76,3680.06
2019-02-11,3679.75,3684.9,3615.53,3631.05
2019-02-12,3631.05,3667.6,3582.34,3631.46
2019-02-13,3631.51,3670,3591.75,3609.4
2019-02-14,3608.34,3626.4,3568.11,3590.56
2019-02-15,3590.57,3653.23,3573.45,3602.47
2019-02-16,3602.49,3648.2,3597.91,3618.41
2019-02-17,3617.22,3700.11,3604.4,3667.58
2019-02-18,3667.62,3925,3655,3898.6
2019-02-19,3897.35,3994.52,3856,3907.79
2019-02-20,3907.35,3986.98,3870.66,3969.74
2019-02-21,3969.74,4016.48,3901.03,3937.31
2019-02-22,3937.31,3988,3926.65,3962
2019-02-23,3962,4162.02,3933.15,4117.76
2019-02-24,4118,4198,3712.66,3743.56
2019-02-25,3743.56,3872.66,3740,3827.92
2019-02-26,3828.44,3841.51,3777,3809.23
2019-02-27,3809.31,3838.85,3677.17,3818.07
2019-02-28,3818.04,3888,3763.87,3813.69
2019-03-01,3814.26,3857,3813.01,3823
2019-03-02,3822.17,3841.31,3772.25,3819.93
2019-03-03,3819.97,3835,3781.32,3807.75
2019-03-04,3807.32,3830,3670.69,3715.3
2019-03-05,3716.1,3877.1,3703.55,3857.73
2019-03-06,3857.58,3907,3813.09,3861.84
2019-03-07,3861.84,3905.4,3840.4,3873.64
2019-03-08,3873.63,3932,3800,3864.89
2019-03-09,3864.88,3971.75,3854.75,3943.04
2019-03-10,3943.43,3943.43,3881.69,3916.82
2019-03-11,3915.99,3936.98,3830,3871.61
2019-03-12,3871.61,3905.2,3826.06,3882.73
2019-03-13,3882.69,3893.56,3840,3866
2019-03-14,3866,3920,3810.43,3877.12
2019-03-15,3877.12,3939.22,3872.2,3923.76
2019-03-16,3924.46,4056.98,3921.98,4005.98
2019-03-17,4005.98,4012,3950.01,3981.14
2019-03-18,3981.85,4037,3953.33,3987.81
2019-03-19,3987.83,4031,3970,4015.53
2019-03-20,4017.48,4050,3980.5,4043.04
2019-03-21,4043.04,4069.32,3880.01,3980.64
2019-03-22,3980.85,4008,3968.25,3986.93
2019-03-23,3987.89,4018.83,3978.01,4006.01
2019-03-24,4006.01,4006.02,3950,3992.18
2019-03-25,3991.35,3999.3,3888.71,3936.12
2019-03-26,3935.47,3958.98,3894,3948.55
2019-03-27,3948.77,4048,3936.15,4038.05
2019-03-28,4039.58,4039.7,4002,4027.81
2019-03-29,4028.22,4123.71,4024.03,4103.25
2019-03-30,4104.24,4140,4052,4106.97
2019-03-31,4106.99,4116.12,4082.57,4103.95
2019-04-01,4102.44,4158.7,4067,4144.56
2019-04-02,4144.54,4897.99,4140.54,4857.29
2019-04-03,4857.19,5275.01,4753.5,4932.6
2019-04-04,4932.59,5039.08,4777,4898.66
2019-04-05,4898.64,5028.22,4880.62,5004.95
2019-04-06,5004.96,5205,4928.59,5043.89
2019-04-07,5042.07,5234,5026,5170.27
2019-04-08,5170.27,5305,5039,5236.9
2019-04-09,5238.38,5238.4,5076.68,5150
2019-04-10,5150,5422,5135,5308.25
2019-04-11,5307.86,5332.67,4927,5017.37
2019-04-12,5017.37,5080.58,4861.22,5048.01
2019-04-13,5047,5099,5004,5045.22
2019-04-14,5047.45,5152.99,5000,5131.3
2019-04-15,5131.28,5167.38,4950,5024.95
2019-04-16,5024.95,5197.72,5003.94,5173.72
2019-04-17,5173.72,5230.4,5146.8,5202.82
2019-04-18,5202.41,5287,5198.8,5258.44
2019-04-19,5258.44,5320,5175,5258.68
2019-04-20,5258.68,5333.42,5230.1,5291.73
2019-04-21,5292.91,5314.35,5165,5256.14
2019-04-22,5257.41,5400,5208.35,5357.14
2019-04-23,5357.14,5600,5332.41,5493.31
2019-04-24,5490.91,5582.2,5333.35,5415
2019-04-25,5415,5491.84,5102,5219.9
2019-04-26,5220.47,5510,5161.62,5314.1
2019-04-27,5315,5342.5,5257.67,5295.69
2019-04-28,5295.69,5340,5259.48,5307.52
2019-04-29,5309.81,5332,5178.8,5238.14
2019-04-30,5238.14,5339.98,5192.15,5320.81
2019-05-01,5321.94,5402,5316.2,5383.2
2019-05-02,5383.2,5538,5370,5492.87
2019-05-03,5494.81,5844,5477.57,5772.69
2019-05-04,5770.62,5900,5587.45,5829.45
2019-05-05,5829.83,5839.9,5696,5775.62
2019-05-06,5773.18,5805,5619.14,5747.79
2019-05-07,5749.92,6028.41,5747.74,5846.34
2019-05-08,5846.34,6014.72,5772.2,5987.29
2019-05-09,5986.66,6224.55,5983.71,6209.18
2019-05-10,6209.95,6468.92,6172,6373.33
2019-05-11,6375.16,7343.99,6372.85,7076.22
2019-05-12,7076.24,7521.78,6750,6967.31
2019-05-13,6968.24,8100,6870,7790.71
2019-05-14,7795.62,8366,7599.56,7947.56
2019-05-15,7945.26,8249,7850,8169.87
2019-05-16,8169.08,8320,7705,7866.59
2019-05-17,7868.67,7925,6913,7355.26
2019-05-18,7355.28,7458,7156.61,7257.45
2019-05-19,7257.32,8275.09,7243.08,8148.48
2019-05-20,8147.94,8156.03,7553,7938.15
2019-05-21,7937.16,8042.32,7771,7904.87
2019-05-22,7904.48,8016,7465,7628.43
2019-05-23,7627.8,7940.98,7461,7851.51
2019-05-24,7849.95,8130,7766,7964.87
2019-05-25,7964.52,8091.8,7908.34,8025.41
2019-05-26,8023,8740,7833.42,8614.43
2019-05-27,8612.54,8908.32,8589,8756.32
2019-05-28,8752.52,8798.49,8510.63,8715.64
2019-05-29,8716.87,8750,8406.6,8645.68
2019-05-30,8646.5,9074.26,8005,8269.54
2019-05-31,8267.1,8594,8108.5,8555
2019-06-01,8555,8626,8442.36,8544.07
2019-06-02,8545.1,8814.78,8524,8725.98
2019-06-03,8726,8800.95,8080.8,8115.82
2019-06-04,8115.66,8115.66,7481.02,7687.03
2019-06-05,7687.04,7896.7,7572.78,7776.5
2019-06-06,7778.08,7868.13,7444.58,7786.7
2019-06-07,7787.57,8100,7737.49,7980.53
2019-06-08,7978.94,8044.65,7751,7893.62
2019-06-09,7895.28,7935,7506.66,7628.13
2019-06-10,7627.57,8020,7511,7982.75
2019-06-11,7981,8010,7692.23,7884.9
2019-06-12,7884.9,8200,7788.99,8127.64
2019-06-13,8127.64,8309.82,8010.03,8218.54
2019-06-14,8216.44,8684.41,8144.32,8650
2019-06-15,8650.88,8864.99,8567.63,8808.7
2019-06-16,8810.77,9333,8760,8953.33
2019-06-17,8953,9444,8950,9313.96
2019-06-18,9312.13,9336.36,8950,9081.55
2019-06-19,9081.97,9304,8960,9255.49
2019-06-20,9253.76,9590,9175.2,9517.12
2019-06-21,9518.06,10174.99,9518.06,10159.86
2019-06-22,10159.86,11160,9921.72,10729.5
2019-06-23,10729,11392.64,10555.18,10906.07
2019-06-24,10905.95,11143.63,10620.8,11056.59
2019-06-25,11056.59,11850,11026,11820.86
2019-06-26,11821.28,13970,11741,13093.8
2019-06-27,13098.38,13478.04,10525.1,11329.99
2019-06-28,11329.99,12480,10982.88,12400.63
2019-06-29,12407.06,12441.54,11475.02,11903.13
2019-06-30,11903.13,12180,10766.03,10854.1
2019-07-01,10854.1,11282.28,10030,10624.93
2019-07-02,10624.9,10938.75,9727,10842.85
2019-07-03,10844.98,11991.89,10841.04,11940
2019-07-04,11940,12000,11055,11145.67
2019-07-05,11145.67,11406.83,10796.44,10970.73
2019-07-06,10982.41,11665,10964.51,11256.49
2019-07-07,11256.45,11538,11094.37,11406.24
2019-07-08,11410,12338.03,11220,12238.6
2019-07-09,12238.6,12794.73,12068,12543.41
2019-07-10,12548.51,13147.08,11569,12108.37
2019-07-11,12108.11,12111.73,11000,11342.89
2019-07-12,11342.88,11885,11073,11757.22
2019-07-13,11757.22,11799.98,10830,11355.76
2019-07-14,11355.78,11452,10103,10174.18
2019-07-15,10174.18,11100,9860,10838.72
2019-07-16,10833.78,11028,9350.01,9439.59
2019-07-17,9430.17,9957,9060,9667.92
2019-07-18,9668.86,10788,9252,10627.16
2019-07-19,10628.64,10769.71,10121.84,10504.29
2019-07-20,10505.78,11068.99,10350,10740.23
2019-07-21,10740.27,10817.9,10288,10589.45
2019-07-22,10590.15,10683.16,10100,10340.31
2019-07-23,10343.08,10343.97,9822,9864.91
2019-07-24,9864.78,9937,9525,9763.28
2019-07-25,9763.4,10175,9720.03,9879.87
2019-07-26,9882.15,9889.98,9637,9824
2019-07-27,9824,10188.66,9333,9476.52
2019-07-28,9478.92,9594.99,9165,9541.54
2019-07-29,9541.54,9729,9395,9507.64
2019-07-30,9509.07,9714.28,9402,9574.21
2019-07-31,9575,10109.8,9555,10080.53
2019-08-01,10080.53,10467.86,9863.46,10374.99
2019-08-02,10375,10670,10281.35,10523.75
2019-08-03,10523.75,10904.77,10497.93,10816.86
2019-08-04,10816.86,11040,10552,10929.23
2019-08-05,10929.99,11937.52,10927.8,11828.8
2019-08-06,11830,12330.7,11226.7,11481.69
2019-08-07,11481.69,12141.17,11382.84,11975.03
2019-08-08,11975.04,12060,11521,11999.77
2019-08-09,11994.17,12045.68,11700,11879.99
2019-08-10,11879.98,11985,11270,11309.31
2019-08-11,11309.24,11600,11112.11,11549.97
2019-08-12,11539.08,11577.89,11235.32,11396.08
2019-08-13,11398.35,11456.16,10788.45,10892.71
2019-08-14,10893.36,10897.48,9928.1,10050.37
2019-08-15,10055.16,10460,9911,10293.93
2019-08-16,10296.77,10536.03,9750,10331.54
2019-08-17,10331.15,10465.14,10000,10216.02
2019-08-18,10216.05,10500,10080,10306.78
2019-08-19,10306.17,10930,10258.6,10915.54
2019-08-20,10914.73,10949.96,10560,10760.51
2019-08-21,10760.51,10804.13,9858,10142.57
2019-08-22,10140.82,10242,9762,10099.88
2019-08-23,10099.9,10445,10019.79,10389.55
2019-08-24,10388.16,10419.42,9890,10134.35
2019-08-25,10134.61,10333,9906.97,10142.69
2019-08-26,10142.69,10604,10137.93,10372.25
2019-08-27,10373.6,10391.08,10051.08,10185.05
2019-08-28,10185.69,10299,9601.01,9721
2019-08-29,9721,9724,9320,9498.44
2019-08-30,9499.01,9696,9350.41,9584.54
2019-08-31,9582.76,9684.51,9420.75,9587.47
2019-09-01,9588.74,9830,9520,9724.98
2019-09-02,9723.59,10450,9712.5,10340
2019-09-03,10340,10773,10272,10615.28
2019-09-04,10611.85,10799,10369.89,10567.02
2019-09-05,10565.92,10900,10450,10564.49
2019-09-06,10563.13,10905.87,10150,10298.73
2019-09-07,10298.71,10558,10288.57,10455.88
2019-09-08,10455.9,10592.5,10208,10381.18
2019-09-09,10381.24,10480,10068.5,10303.12
2019-09-10,10302.58,10384.99,9953,10098.15
2019-09-11,10098.19,10293,9880,10158.33
2019-09-12,10158.75,10448.81,10040,10415.01
2019-09-13,10415.01,10439,10153,10342.06
2019-09-14,10344.13,10419.99,10222.33,10335.02
2019-09-15,10332.81,10360,10252.15,10302.01
2019-09-16,10303.34,10355,10078,10251.31
2019-09-17,10249.68,10275,10128.01,10187.82
2019-09-18,10187.48,10258.02,10100,10156.99
2019-09-19,10156.41,10325,9653,10244.29
2019-09-20,10243.7,10281,10061.39,10168.59
2019-09-21,10167.92,10176.7,9900,9986.39
2019-09-22,9985.15,10089,9853.97,10028.87
2019-09-23,10028.05,10049.99,9615.77,9702.25
2019-09-24,9702.2,9794.99,7800,8493.14
2019-09-25,8497.55,8730,8215.64,8430.05
2019-09-26,8430.05,8465.99,7750,8063.73
2019-09-27,8063.49,8265,7852.15,8177.91
2019-09-28,8177.47,8315,8001.09,8198.81
2019-09-29,8199.38,8229.13,7890,8043.82
2019-09-30,8043.04,8337.26,7710,8289.34
2019-10-01,8289.97,8500,8173.05,8292.44
2019-10-02,8292.67,8373.91,8151.22,8359.94
2019-10-03,8360,8393,8060,8223.96
2019-10-04,8224.43,8232.41,8005,8137.13
2019-10-05,8137.09,8183.41,8012.98,8126.19
2019-10-06,8127.55,8153.87,7785,7854.25
2019-10-07,7855.3,8299.92,7762,8190.09
2019-10-08,8190.82,8325,8088.75,8168.39
2019-10-09,8170.79,8670,8115,8560.74
2019-10-10,8562.15,8644,8414.52,8558.03
2019-10-11,8557.82,8779.51,8212.38,8258.5
2019-10-12,8257.95,8400,8250,8300.09
2019-10-13,8301.98,8451.37,8160,8275.01
2019-10-14,8275.24,8388.85,8203,8348.2
2019-10-15,8346.86,8403,8090,8159.29
2019-10-16,8159.3,8181.16,7917,7991.74
2019-10-17,7995.02,8124.92,7929.03,8070.58
2019-10-18,8070.71,8115,7816.01,7947.01
2019-10-19,7946.89,8098.1,7866.92,7948.01
2019-10-20,7949.87,8297,7870,8223.35
2019-10-21,8223.35,8333,8142.03,8197.27
2019-10-22,8197.28,8297.99,8000,8020
2019-10-23,8020.06,8047.59,7300,7466.62
2019-10-24,7468.47,7503.68,7337.99,7412.41
2019-10-25,7412.41,8799,7361,8655.02
2019-10-26,8655.88,10370,8470.38,9230
2019-10-27,9230,9794.98,9074.34,9529.93
2019-10-28,9528.23,9902.1,9160,9205.14
2019-10-29,9204.45,9550,9072,9407.62
2019-10-30,9407.62,9409.84,9001.01,9154.72
2019-10-31,9154.02,9405,8913,9140.85
2019-11-01,9140.86,9279,9030,9231.61
2019-11-02,9231.4,9373.74,9186.21,9289.52
2019-11-03,9289.85,9362.57,9066.14,9194.71
2019-11-04,9196.46,9513.68,9115.84,9393.35
2019-11-05,9392.4,9454.95,9175.76,9308.66
2019-11-06,9307.73,9440.91,9250.01,9339.05
2019-11-07,9339.16,9375,9101,9216.2
2019-11-08,9214,9261,8696,8773.73
2019-11-09,8773.74,8880,8724.88,8809.41
2019-11-10,8809.18,9147.19,8750,9039.47
2019-11-11,9040.16,9072.32,8618.68,8733.27
2019-11-12,8733.36,8888,8567.6,8821.94
2019-11-13,8821.91,8844.99,8702,8777.12
2019-11-14,8777.54,8800,8582.6,8646.68
2019-11-15,8646.38,8790,8400,8471.73
2019-11-16,8471.62,8543,8400,8491.02
2019-11-17,8490.74,8635,8350.68,8502.4
2019-11-18,8502.87,8503.52,8060,8187.17
2019-11-19,8186.5,8218.63,8003,8133.64
2019-11-20,8133.83,8264.29,8038.4,8098.01
2019-11-21,8098.56,8134.73,7500,7627.74
2019-11-22,7627.79,7750,6790,7268.23
2019-11-23,7268.23,7344.48,7080.01,7311.57
2019-11-24,7311.1,7330.39,6861,6903.28
2019-11-25,6900.23,7377.69,6515,7109.57
2019-11-26,7109.99,7340,7017.48,7156.14
2019-11-27,7154.75,7655,6840,7508.52
2019-11-28,7507.9,7643,7360,7419.49
2019-11-29,7418.52,7850,7362.3,7739.68
2019-11-30,7740.99,7810,7441,7541.89
2019-12-01,7540.63,7541.85,7210,7390.89
2019-12-02,7391.5,7420.56,7151.1,7294.28
2019-12-03,7294.42,7400,7241.35,7292.71
2019-12-04,7292.71,7750,7067,7194.32
2019-12-05,7194.59,7485,7150,7389
2019-12-06,7389,7590.03,7305,7527.47
2019-12-07,7527.8,7619.62,7470.16,7488.21
2019-12-08,7487.31,7564,7374.86,7510.11
2019-12-09,7510.11,7650,7273,7338.64
2019-12-10,7338.64,7407.6,7157.1,7224.13
2019-12-11,7224.15,7275.5,7125.66,7210
2019-12-12,7210,7295,7080.3,7198.08
2019-12-13,7197.76,7309.05,7190.76,7258.48
2019-12-14,7257.37,7271.77,7012,7064.05
2019-12-15,7064.14,7200.3,7008.35,7118.59
2019-12-16,7119.6,7150,6836,6891.72
2019-12-17,6891.44,6942.21,6560,6623.82
2019-12-18,6623.84,7440,6435,7277.83
2019-12-19,7277.83,7380,7038.31,7150.3
2019-12-20,7151.31,7220,7079.5,7187.83
2019-12-21,7188.01,7190.58,7105,7132.75
2019-12-22,7131.59,7518.54,7122.47,7501.44
2019-12-23,7500.71,7695.38,7265.84,7317.09
2019-12-24,7317.3,7436.68,7157.04,7255.77
2019-12-25,7255.77,7271.77,7128.86,7204.63
2019-12-26,7205.01,7435,7157.12,7202
2019-12-27,7202,7275.86,7076.42,7254.74
2019-12-28,7254.77,7365.01,7238.67,7316.14
2019-12-29,7315.36,7528.45,7288,7388.24
2019-12-30,7388.43,7408.24,7220,7246
2019-12-31,7246,7320,7145.01,7195.23
2020-01-01,7195.24,7255,7175.15,7200.85
2020-01-02,7200.77,7212.5,6924.74,6965.71
2020-01-03,6965.49,7405,6871.04,7344.96
2020-01-04,7345,7404,7272.21,7354.11
2020-01-05,7354.19,7495,7318,7358.75
2020-01-06,7357.64,7795.34,7346.76,7758
2020-01-07,7758.9,8207.68,7723.71,8145.28
2020-01-08,8145.92,8455,7870,8055.98
2020-01-09,8054.72,8055.96,7750,7817.76
2020-01-10,7817.74,8199,7672,8197.02
2020-01-11,8198.86,8286.34,8003.16,8020.01
2020-01-12,8020.01,8197,7960,8184.98
2020-01-13,8184.97,8196,8055.89,8110.34
2020-01-14,8110.34,8880,8105.54,8810.01
2020-01-15,8814.64,8916.48,8564,8821.41
2020-01-16,8820.01,8859.81,8586,8720.01
2020-01-17,8720.15,9041.65,8672.44,8913.28
2020-01-18,8913.27,8988.88,8806.38,8915.96
2020-01-19,8915.09,9198.98,8466,8701.7
2020-01-20,8701.72,8746.99,8521.28,8642.35
2020-01-21,8642.35,8789,8488,8736.03
2020-01-22,8736.04,8818,8590,8682.36
2020-01-23,8682.77,8691.81,8306.39,8404.52
2020-01-24,8404.52,8528.02,8238,8439
2020-01-25,8438.99,8451.26,8254.9,8340.58
2020-01-26,8340.01,8618.13,8293.66,8615
2020-01-27,8614.39,9000,8535,8907.57
2020-01-28,8907.57,9400,8862.4,9374.21
2020-01-29,9375.34,9449.24,9216,9301.53
2020-01-30,9301.57,9578,9204.44,9513.21
2020-01-31,9511.52,9530.22,9210.01,9352.89
2020-02-01,9351.71,9464.53,9281,9384.61
2020-02-02,9384.41,9477.03,9120,9331.51
2020-02-03,9331.59,9618.79,9234,9292.24
2020-02-04,9291.35,9350,9093.01,9197.02
2020-02-05,9197.02,9744.45,9177.22,9612.04
2020-02-06,9612.03,9862.57,9526.35,9772
2020-02-07,9772,9885,9730,9813.73
2020-02-08,9813.87,9940,9667.11,9895.05
2020-02-09,9895.04,10166,9880.75,10151.75
2020-02-10,10151.72,10188,9756,9851.83
2020-02-11,9851.74,10323.59,9700,10223.08
2020-02-12,10223.08,10450,10223.08,10326.46
2020-02-13,10325.33,10500,10080,10229.63
2020-02-14,10227.78,10381.56,10111.37,10344.36
2020-02-15,10344.36,10375,9801,9904.72
2020-02-16,9904.46,10050,9638.12,9917.27
2020-02-17,9910.7,9964.16,9452.67,9706
2020-02-18,9706,10250,9576.01,10164.71
2020-02-19,10164.78,10250,9350,9593.79
2020-02-20,9594.65,9699,9400,9596.42
2020-02-21,9597.21,9755.51,9550.21,9677.05
2020-02-22,9677.05,9709.17,9560.02,9650.86
2020-02-23,9650.85,9990,9645,9936.4
2020-02-24,9936.4,9990,9473.56,9656.13
2020-02-25,9655.52,9675,9250,9315.84
2020-02-26,9316.48,9377.44,8633.63,8785.25
2020-02-27,8786,8971.77,8531,8823.21
2020-02-28,8823.25,8900,8445,8692.91
2020-02-29,8690.8,8790,8523.55,8523.61
2020-03-01,8523.61,8750,8411,8531.88
2020-03-02,8530.3,8965.75,8498,8915.24
2020-03-03,8911.18,8919.65,8651,8760.07
2020-03-04,8760.07,8848.29,8660,8750.87
2020-03-05,8750.99,9159.42,8746.54,9054.68
2020-03-06,9054.64,9170,8985.5,9131.88
2020-03-07,9130.89,9188,8835,8886.66
2020-03-08,8885.25,8886.76,8000,8033.31
2020-03-09,8034.76,8179.31,7632.01,7929.87
2020-03-10,7929.87,8149,7728.01,7894.56
2020-03-11,7894.57,7980,7590,7934.52
2020-03-12,7934.58,7966.17,4410,4800
2020-03-13,4800.01,5955,3782.13,5578.6
2020-03-14,5576.05,5640.52,5055.13,5172.06
2020-03-15,5172.48,5940,5093.1,5361.3
2020-03-16,5360.33,5365.42,4442.12,5028.97
2020-03-17,5028.86,5525,4921.45,5312.64
2020-03-18,5312.64,5436.17,5009.37,5393.04
2020-03-19,5393.26,6400,5252.53,6162.37
2020-03-20,6162.05,6900,5670,6208.36
2020-03-21,6204.57,6456.98,5860.02,6186.98
2020-03-22,6187.04,6407.87,5734.01,5816.19
2020-03-23,5816.05,6600,5688,6467.31
2020-03-24,6465.25,6833,6371.33,6744.72
2020-03-25,6744.69,6957.96,6450,6677.43
2020-03-26,6677.42,6780,6510,6737.36
2020-03-27,6737.27,6842.59,6261,6359.11
2020-03-28,6359.11,6360,6024,6236.65
2020-03-29,6236.65,6266,5866.56,5881.42
2020-03-30,5880.5,6599,5857.76,6394.38
2020-03-31,6394.45,6523.23,6321.4,6410.44
2020-04-01,6412.14,6679.94,6150.11,6642.92
2020-04-02,6643.36,7198,6551,6794.09
2020-04-03,6793.86,7048,6602.1,6734.1
2020-04-04,6732.97,6990.41,6650.01,6856.99
2020-04-05,6857.41,6895.54,6677.52,6772.78
2020-04-06,6772.78,7355.14,6765,7329.9
2020-04-07,7329.9,7459.69,7077,7197.32
2020-04-08,7197.32,7420,7150,7361.28
2020-04-09,7360.26,7371.92,7108.08,7283.54
2020-04-10,7283.54,7295.75,6739.98,6858.92
2020-04-11,6858.92,6944.3,6760,6876.83
2020-04-12,6876.84,7177,6780,6903.79
2020-04-13,6903.79,6903.79,6575,6837.91
2020-04-14,6838.04,6978,6754.28,6868.7
2020-04-15,6868.57,6933,6605,6621.24
2020-04-16,6621.25,7190,6468.27,7101.94
2020-04-17,7101.99,7148.12,6972.98,7027.55
2020-04-18,7026.78,7293.08,7014.4,7248.6
2020-04-19,7248.6,7266.15,7055.6,7120.74
2020-04-20,7121.4,7220,6751,6826.83
2020-04-21,6828.98,6940,6762,6841.37
2020-04-22,6841.36,7156.38,6818,7125.14
2020-04-23,7125.12,7738,7020,7482.39
2020-04-24,7483.96,7615.96,7388,7505
2020-04-25,7505,7705,7431.07,7538.67
2020-04-26,7539.03,7700,7480,7693.1
2020-04-27,7693.1,7792.02,7606,7774.62
2020-04-28,7773.51,7780,7659.12,7738.98
2020-04-29,7738.58,8952.89,7710.05,8778.57
2020-04-30,8778.58,9460,8401,8620
2020-05-01,8620,9059.18,8613.56,8826.96
2020-05-02,8825.67,9010,8753,8972.05
2020-05-03,8972.58,9200,8712,8894.16
2020-05-04,8894.15,8950,8522,8871.96
2020-05-05,8871.92,9118.58,8760,9021.83
2020-05-06,9021.36,9395,8906.21,9142.92
2020-05-07,9143.4,10067,9021,9986.4
2020-05-08,9986.3,10035.96,9705,9800.01
2020-05-09,9800.02,9914.25,9520,9539.4
2020-05-10,9539.1,9574.83,8117,8722.77
2020-05-11,8722.77,9168,8200,8561.52
2020-05-12,8562.04,8978.26,8528.78,8810.79
2020-05-13,8810.99,9398,8792.99,9309.37
2020-05-14,9309.35,9939,9256.76,9791.98
2020-05-15,9791.97,9845.62,9150,9316.42
2020-05-16,9315.96,9588,9220,9381.27
2020-05-17,9380.81,9888,9322.1,9680.04
2020-05-18,9681.11,9950,9464.23,9733.93
2020-05-19,9733.93,9897.21,9474,9775.53
2020-05-20,9775.13,9842,9326,9511.43
2020-05-21,9511.43,9578.47,8815,9068.65
2020-05-22,9067.51,9271,8933.52,9170
2020-05-23,9170,9307.85,9070,9179.15
2020-05-24,9179.01,9298,8700,8720.34
2020-05-25,8718.14,8979.66,8642.72,8900.35
2020-05-26,8900.35,9017.67,8700,8841.18
2020-05-27,8841,9225,8811.73,9204.07
2020-05-28,9204.07,9625.47,9110,9575.89
2020-05-29,9575.87,9605.26,9330,9427.07
2020-05-30,9426.6,9740,9331.23,9697.72
2020-05-31,9697.72,9700,9381.41,9448.27
2020-06-01,9448.27,10380,9421.67,10200.77
2020-06-02,10202.71,10228.99,9266,9518.04
2020-06-03,9518.02,9690,9365.21,9666.24
2020-06-04,9666.32,9881.63,9450,9789.06
2020-06-05,9788.14,9854.75,9581,9621.16
2020-06-06,9621.17,9735,9531.05,9666.3
2020-06-07,9666.85,9802,9372.46,9746.99
2020-06-08,9746.99,9800,9633,9782.01
2020-06-09,9782,9877,9570,9772.43
2020-06-10,9772.44,9992.72,9704.18,9885
2020-06-11,9885.22,9964,9113,9280.4
2020-06-12,9278.88,9557.12,9232.51,9465.13
2020-06-13,9464.96,9494.73,9351,9473.34
2020-06-14,9473.34,9480.99,9245,9342.1
2020-06-15,9342.1,9495,8910.45,9426.02
2020-06-16,9426.05,9589,9373.09,9525.59
2020-06-17,9526.97,9565,9236.61,9465.14
2020-06-18,9465.13,9489,9280,9386.32
2020-06-19,9386.32,9438.3,9215.79,9310.23
2020-06-20,9310.23,9395,9170.95,9358.95
2020-06-21,9358.95,9422,9281.54,9294.69
2020-06-22,9294.69,9780,9277.09,9685.69
2020-06-23,9685.69,9720,9577.03,9624.89
2020-06-24,9624.33,9670,9208,9296.49
2020-06-25,9298.33,9340,9009.69,9249.49
2020-06-26,9249.49,9298,9045.45,9162.21
2020-06-27,9162.21,9196.24,8833,9012
2020-06-28,9012,9191,8948.06,9116.35
2020-06-29,9116.16,9238,9024.67,9192.56
2020-06-30,9192.93,9205,9064.89,9138.55
2020-07-01,9138.08,9292,9080.1,9232
2020-07-02,9231.99,9261.96,8940,9086.54
2020-07-03,9086.54,9125,9037.47,9058.26
2020-07-04,9057.79,9190,9040.04,9135.46
2020-07-05,9135,9145.24,8893.03,9069.41
2020-07-06,9069.41,9375,9055.92,9344.2
2020-07-07,9342.47,9379.42,9203,9257.39
2020-07-08,9257.4,9470,9231,9436.06
2020-07-09,9436.06,9440.79,9160,9232.43
2020-07-10,9232.42,9317.48,9125,9288.34
2020-07-11,9288.34,9299.28,9178.25,9234.03
2020-07-12,9234.02,9345,9157.5,9302.75
2020-07-13,9303.31,9343.82,9200.89,9242.62
2020-07-14,9242.61,9279.54,9113,9255.85
2020-07-15,9255.85,9276.49,9160.57,9197.6
2020-07-16,9197.6,9226.15,9047.25,9133.72
2020-07-17,9133.72,9186.83,9089.81,9154.32
2020-07-18,9154.31,9219.3,9121.1,9170.28
2020-07-19,9170.3,9232.27,9101.35,9208.99
2020-07-20,9208.99,9221.52,9131,9160.78
2020-07-21,9160.78,9437.73,9152.8,9390
2020-07-22,9390,9544,9261,9518.16
2020-07-23,9518.16,9664,9440.33,9603.27
2020-07-24,9603.27,9637,9463.44,9537.8
2020-07-25,9538.1,9732.9,9513,9700.42
2020-07-26,9700.42,10111,9650,9931.54
2020-07-27,9931.54,11394.86,9917.21,11029.96
2020-07-28,11029.96,11242.23,10565,10906.27
2020-07-29,10906.27,11342.82,10812,11100.53
2020-07-30,11100.52,11170,10831,11099.61
2020-07-31,11099.79,11444,10960,11335.46
2020-08-01,11335.46,11861,11220,11801.17
2020-08-02,11801.17,12123.46,10518.5,11071.35
2020-08-03,11071.36,11473,10936,11219.81
2020-08-04,11219.68,11414.98,11000,11191.97
2020-08-05,11191.99,11780.93,11093,11744.91
2020-08-06,11744.91,11900,11562.5,11762.46
2020-08-07,11762.47,11909.94,11322,11594.23
2020-08-08,11594.36,11808.27,11512,11761.41
2020-08-09,11761.02,11797.11,11521.97,11681.68
2020-08-10,11681.69,12067.35,11450,11892.92
2020-08-11,11892.9,11935,11125,11392.08
2020-08-12,11392.09,11617.52,11150,11564.33
2020-08-13,11564.34,11792.96,11270.36,11780
2020-08-14,11779.77,11850,11634.03,11760.54
2020-08-15,11760.55,11980,11680,11852.4
2020-08-16,11852.4,11931.72,11686,11911
2020-08-17,11910.99,12468,11769.78,12281.13
2020-08-18,12281.15,12387.77,11817.93,11945.01
2020-08-19,11945.1,12020.08,11561,11754.59
2020-08-20,11754.38,11888,11668,11853.55
2020-08-21,11853.54,11878,11485.81,11531.34
2020-08-22,11531.23,11686,11376.81,11662.96
2020-08-23,11663.51,11718.07,11514.13,11648.13
2020-08-24,11648.12,11824.9,11585.09,11748.2
2020-08-25,11748.19,11767.85,11117.64,11318.42
2020-08-26,11318.42,11539.32,11244,11461.43
2020-08-27,11461.42,11592.2,11125,11330.38
2020-08-28,11330.38,11542.65,11276.89,11526.91
2020-08-29,11526.9,11580.02,11417.04,11465.84
2020-08-30,11465.84,11719,11458,11711.16
2020-08-31,11711.17,11800.77,11570,11649.51
2020-09-01,11649.51,12050.85,11515,11921.97
2020-09-02,11921.97,11954.57,11160.1,11388.54
2020-09-03,11388.54,11462.6,9960.8,10140.85
2020-09-04,10138.29,10627.05,9875.5,10446.25
2020-09-05,10446.25,10565.68,9825,10166.69
2020-09-06,10166.69,10347.14,9994.86,10256.2
2020-09-07,10255.89,10410.75,9875,10373.44
2020-09-08,10373.45,10438,9850,10126.65
2020-09-09,10126.66,10343,9981.01,10219.2
2020-09-10,10219.29,10483.35,10070.83,10336.87
2020-09-11,10336.86,10397.6,10200,10387.89
2020-09-12,10387.89,10477.97,10269.25,10440.92
2020-09-13,10440.67,10580.11,10200,10332.83
2020-09-14,10332.84,10750,10212.34,10671.77
2020-09-15,10671.77,10930.04,10606.48,10785.31
2020-09-16,10785.23,11093,10661.22,10954.01
2020-09-17,10954.01,11045.46,10745.83,10939.99
2020-09-18,10940,11038.03,10812.84,10933.39
2020-09-19,10933.4,11179.79,10887.37,11080.65
2020-09-20,11080.64,11080.64,10723,10920.28
2020-09-21,10920.28,10988.86,10296.35,10417.22
2020-09-22,10417.22,10572.71,10353,10529.61
2020-09-23,10529.61,10537.15,10136.82,10241.46
2020-09-24,10241.46,10795.24,10190.93,10736.32
2020-09-25,10736.33,10760.53,10556.24,10686.67
2020-09-26,10686.57,10820.94,10644.68,10728.6
2020-09-27,10728.59,10799,10594.82,10774.25
2020-09-28,10774.26,10950,10626,10696.12
2020-09-29,10696.11,10867.54,10635.87,10840.48
2020-09-30,10840.58,10849.34,10665.13,10776.59
2020-10-01,10776.59,10920,10437,10619.13
2020-10-02,10619.13,10664.64,10374,10570.4
2020-10-03,10570.4,10603.56,10496.46,10542.06
2020-10-04,10542.07,10696.87,10517.87,10666.63
2020-10-05,10666.62,10798,10615.64,10792.21
2020-10-06,10792.2,10800,10525,10599.66
2020-10-07,10599.65,10681.87,10546.17,10666.39
2020-10-08,10666.4,10950,10530.41,10925.57
2020-10-09,10925.44,11104.64,10829,11050.64
2020-10-10,11050.64,11491,11050.51,11293.22
2020-10-11,11293.22,11445,11221,11369.02
2020-10-12,11369.02,11720.01,11172,11528.25
2020-10-13,11528.24,11557,11300,11420.56
2020-10-14,11420.57,11547.98,11280,11417.89
2020-10-15,11417.89,11617.34,11250.83,11505.12
2020-10-16,11505.13,11541.15,11200,11319.32
2020-10-17,11319.24,11402.42,11255,11360.2
2020-10-18,11360.31,11505,11346.22,11503.14
2020-10-19,11503.14,11823.99,11407.96,11751.47
2020-10-20,11751.46,12038.38,11677.59,11909.99
2020-10-21,11910,13217.68,11886.95,12780.96
2020-10-22,12780.75,13185,12678.08,12968.52
2020-10-23,12968.84,13027.69,12720.08,12923.07
2020-10-24,12923.06,13166.73,12870,13111.73
2020-10-25,13111.73,13350,12888,13028.83
2020-10-26,13029.64,13238.81,12765,13052.19
2020-10-27,13052.15,13789.29,13019.87,13636.17
2020-10-28,13636.16,13859.48,12888,13266.4
2020-10-29,13266.4,13642.91,12920.77,13455.7
2020-10-30,13455.69,13669.98,13115,13560.1
2020-10-31,13560.1,14100,13411.5,13791
2020-11-01,13791,13895,13603,13761.5
2020-11-02,13761.49,13830,13195.05,13549.37
2020-11-03,13549.63,14066.11,13284.99,14023.53
2020-11-04,14023.53,14259,13525,14144.01
2020-11-05,14144.01,15750,14093.56,15590.02
2020-11-06,15590.02,15960,15166,15579.92
2020-11-07,15579.93,15753.52,14344.22,14818.3
2020-11-08,14818.3,15650,14703.88,15475.1
2020-11-09,15475.1,15840,14805.54,15328.41
2020-11-10,15328.41,15460,15072.46,15297.21
2020-11-11,15297.21,15965,15272.68,15684.24
2020-11-12,15684.25,16340.7,15440.64,16291.86
2020-11-13,16291.85,16480,15952.35,16320.7
2020-11-14,16320.04,16326.99,15670,16070.45
2020-11-15,16069.56,16180,15774.72,15957
2020-11-16,15957,16880,15864,16713.57
2020-11-17,16713.08,17858.82,16538,17659.38
2020-11-18,17659.38,18476.93,17214.45,17776.12
2020-11-19,17777.75,18179.8,17335.65,17802.82
2020-11-20,17802.81,18815.22,17740.04,18655.67
2020-11-21,18655.66,18965.9,18308.58,18703.8
2020-11-22,18703.8,18750,17610.86,18414.43
2020-11-23,18413.88,18766,18000,18368
2020-11-24,18368.01,19418.97,18018,19160.01
2020-11-25,19160,19484.21,18500.27,18719.11
2020-11-26,18718.83,18915.03,16188,17149.47
2020-11-27,17149.47,17457.62,16438.08,17139.52
2020-11-28,17139.53,17880.49,16865.56,17719.85
2020-11-29,17719.84,18360.05,17517,18184.99
2020-11-30,18185,19863.16,18184.99,19695.87
2020-12-01,19695.87,19888,18001.12,18764.96
2020-12-02,18764.96,19342,18330,19204.09
2020-12-03,19204.08,19598,18867.2,19421.9
2020-12-04,19422.34,19527,18565.31,18650.52
2020-12-05,18650.51,19177,18500,19147.66
2020-12-06,19147.66,19420,18857,19359.4
2020-12-07,19358.67,19420.91,18902.88,19166.9
2020-12-08,19166.9,19294.84,18200,18324.11
2020-12-09,18324.11,18639.57,17650,18541.28
2020-12-10,18541.29,18557.32,17911.12,18254.63
2020-12-11,18254.81,18292.73,17572.33,18036.53
2020-12-12,18036.53,18948.66,18020.7,18808.69
2020-12-13,18808.69,19411,18711.12,19174.99
2020-12-14,19174.99,19349,19000,19273.14
2020-12-15,19273.69,19570,19050,19426.43
2020-12-16,19426.43,21560,19278.6,21335.52
2020-12-17,21335.52,23800,21230,22797.16
2020-12-18,22797.15,23285.18,22350,23107.39
2020-12-19,23107.39,24171.47,22750,23821.61
2020-12-20,23821.6,24295,23060,23455.52
2020-12-21,23455.54,24102.77,21815,22719.71
2020-12-22,22719.88,23837.1,22353.4,23810.79
2020-12-23,23810.79,24100,22600,23232.76
2020-12-24,23232.39,23794.43,22703.42,23729.2
2020-12-25,23728.99,24789.86,23433.6,24712.47
2020-12-26,24712.47,26867.03,24500,26493.39
2020-12-27,26493.4,28422,25700,26281.66
2020-12-28,26281.54,27500,26101,27079.41
2020-12-29,27079.42,27410,25880,27385
2020-12-30,27385,28996,27320,28875.54
2020-12-31,28875.55,29300,27850,28923.63
2021-01-01,28923.63,29600,28624.57,29331.69
2021-01-02,29331.7,33300,28946.53,32178.33
2021-01-03,32176.45,34778.11,31962.99,33000.05
2021-01-04,33000.05,33600,28130,31988.71
2021-01-05,31989.75,34360,29900,33949.53
2021-01-06,33949.53,36939.21,33288,36769.36
2021-01-07,36769.36,40365,36300,39432.28
2021-01-08,39432.48,41950,36500,40582.81
2021-01-09,40586.96,41380,38720,40088.22
2021-01-10,40088.22,41350,35111.11,38150.02
2021-01-11,38150.02,38264.74,30420,35404.47
2021-01-12,35410.37,36628,32531,34051.24
2021-01-13,34049.15,37850,32380,37371.38
2021-01-14,37371.38,40100,36701.23,39144.5
2021-01-15,39145.21,39747.76,34408,36742.22
2021-01-16,36737.43,37950,35357.8,35994.98
2021-01-17,35994.98,36852.5,33850,35828.61
2021-01-18,35824.99,37469.83,34800,36631.27
2021-01-19,36622.46,37850,35844.06,35891.49
2021-01-20,35901.94,36415.31,33400,35468.23
2021-01-21,35468.23,35600,30071,30850.13
2021-01-22,30851.99,33826.53,28850,32945.17
2021-01-23,32950,33456,31390.16,32078
2021-01-24,32078,33071,30900,32259.9
2021-01-25,32259.45,34875,31910,32254.2
2021-01-26,32254.19,32921.88,30837.37,32467.77
2021-01-27,32464.01,32557.29,29241.72,30366.15
2021-01-28,30362.19,33783.98,29842.1,33364.86
2021-01-29,33368.18,38531.9,31915.4,34252.2
2021-01-30,34246.28,34933,32825,34262.88
2021-01-31,34262.89,34342.69,32171.67,33092.98
2021-02-01,33092.97,34717.27,32296.16,33526.37
2021-02-02,33517.09,35984.33,33418,35466.24
2021-02-03,35472.71,37662.63,35362.38,37618.87
2021-02-04,37620.26,38708.27,36161.95,36936.66
2021-02-05,36936.65,38310.12,36570,38290.24
2021-02-06,38289.32,40955.51,38215.94,39186.94
2021-02-07,39181.01,39700,37351,38795.69
2021-02-08,38795.69,46794.45,37988.89,46374.87
2021-02-09,46374.86,48142.19,44961.09,46420.42
2021-02-10,46420.42,47310,43727,44807.58
2021-02-11,44807.58,48678.9,43994.02,47969.51
2021-02-12,47968.66,48985.8,46125,47287.6
2021-02-13,47298.15,48150,46202.53,47153.69
2021-02-14,47156.78,49707.43,47014.17,48577.79
2021-02-15,48580.47,49010.92,45570.79,47911.1
2021-02-16,47911.1,50689.18,47003.62,49133.45
2021-02-17,49133.45,52618.74,48947,52119.71
2021-02-18,52117.67,52530,50901.9,51552.6
2021-02-19,51552.61,56368,50710.2,55906
2021-02-20,55906,57700.46,53863.93,55841.19
2021-02-21,55841.19,58352.8,55477.59,57408.57
2021-02-22,57412.35,57508.47,47622,54087.67
2021-02-23,54087.67,54183.59,44892.56,48891
2021-02-24,48891,51374.99,46988.69,49676.2
2021-02-25,49676.21,52041.73,46674.34,47073.73
2021-02-26,47073.73,48424.11,44106.78,46276.87
2021-02-27,46276.88,48394,45000,46106.43
2021-02-28,46103.67,46638.46,43000,45135.66
2021-03-01,45134.11,49790,44950.53,49587.03
2021-03-02,49595.76,50200,47047.6,48440.65
2021-03-03,48436.61,52640,48100.71,50349.37
2021-03-04,50349.37,51773.88,47500,48374.09
2021-03-05,48374.09,49448.93,46300,48751.71
2021-03-06,48746.81,49200,47070,48882.2
2021-03-07,48882.2,51450.03,48882.2,50971.75
2021-03-08,50959.11,52402.78,49274.67,52375.17
2021-03-09,52375.18,54895,51789.41,54884.5
2021-03-10,54874.67,57387.69,53005,55851.59
2021-03-11,55851.59,58150,54272.82,57773.16
2021-03-12,57773.15,58081.51,54962.84,57221.72
2021-03-13,57221.72,61844,56078.23,61188.39
2021-03-14,61188.38,61724.79,58966.78,58968.31
2021-03-15,58976.08,60633.43,54600,55605.2
2021-03-16,55605.2,56938.29,53271.34,56900.75
2021-03-17,56900.74,58974.73,54123.69,58912.97
2021-03-18,58912.97,60129.97,57023,57648.16
2021-03-19,57641,59468,56270.74,58030.01
2021-03-20,58030.01,59880,57820.17,58102.28
2021-03-21,58100.02,58589.1,55450.11,57351.56
2021-03-22,57351.56,58430.73,53650,54083.25
2021-03-23,54083.25,55830.9,53000,54340.89
2021-03-24,54342.8,57200,51700,52303.65
2021-03-25,52303.66,53287,50427.56,51293.78
2021-03-26,51293.78,55073.46,51214.6,55025.59
2021-03-27,55025.59,56700.36,53950,55817.14
2021-03-28,55817.14,56559.75,54691.84,55777.63
2021-03-29,55777.65,58405.82,54800.01,57635.47
2021-03-30,57635.46,59368,57071.35,58746.57
2021-03-31,58746.57,59800,56769,58740.55
2021-04-01,58739.46,59490,57935.45,58720.44
2021-04-02,58720.45,60200,58428.57,58950.01
2021-04-03,58950.01,59791.72,56880,57051.94
2021-04-04,57051.95,58492.85,56388,58202.01
2021-04-05,58202.01,59272,56777.77,59129.99
2021-04-06,59129.99,59495.24,57413.02,57991.15
2021-04-07,57990.03,58655,55473,55953.45
2021-04-08,55953.44,58153.31,55700,58077.52
2021-04-09,58077.52,58894.9,57654,58142.54
2021-04-10,58142.55,61500,57900.01,59769.13
2021-04-11,59769.13,60699,59232.52,60002.43
2021-04-12,59998.8,61300,59350.59,59860
2021-04-13,59860.01,63777.77,59805.15,63575
2021-04-14,63575.01,64854,61301,62959.53
2021-04-15,62959.53,63800,62020,63159.98
2021-04-16,63158.74,63520.61,60000,61334.8
2021-04-17,61334.81,62506.05,59580.91,60006.66
2021-04-18,60006.67,60499,50931.3,56150.01
2021-04-19,56150.01,57526.81,54221.58,55633.14
2021-04-20,55633.14,57076.24,53329.96,56425
2021-04-21,56425,56757.91,53536.02,53787.63
2021-04-22,53787.62,55521.48,50500,51690.96
2021-04-23,51690.95,52131.85,47500,51125.14
2021-04-24,51110.56,51166.22,48657.14,50047.84
2021-04-25,50047.84,50567.91,46930,49066.77
2021-04-26,49066.76,54356.62,48753.44,54001.39
2021-04-27,54001.38,55460,53222,55011.97
2021-04-28,55011.97,56428,53813.16,54846.22
2021-04-29,54846.23,55195.84,52330.94,53555
2021-04-30,53555,57963,53013.01,57694.27
2021-05-01,57697.25,58458.07,56956.14,57800.37
2021-05-02,57797.35,57911.02,56035.25,56578.21
2021-05-03,56578.21,58981.44,56435,57169.39
2021-05-04,57169.39,57200,53046.69,53200.01
2021-05-05,53205.05,58069.82,52900,57436.11
2021-05-06,57436.11,58360,55200,56393.68
2021-05-07,56393.68,58650,55241.63,57314.75
2021-05-08,57315.49,59500,56900,58862.05
2021-05-09,58866.53,59300,56235.66,58240.84
2021-05-10,58240.83,59500,53400,55816.14
2021-05-11,55816.14,56862.43,54370,56670.02
2021-05-12,56670.02,58000.01,48600,49631.32
2021-05-13,49537.15,51367.19,46000,49670.97
2021-05-14,49671.92,51483,48799.75,49841.45
2021-05-15,49844.16,50700,46555,46762.99
2021-05-16,46762.99,49795.89,43825.39,46431.5
2021-05-17,46426.83,46686,42001,43538.04
2021-05-18,43538.02,45799.29,42250.02,42849.78
2021-05-19,42849.78,43584.9,30000,36690.09
2021-05-20,36671.23,42451.67,34850,40526.64
2021-05-21,40525.39,42200,33488,37252.01
2021-05-22,37263.35,38829,35200.62,37449.73
2021-05-23,37458.51,38270.64,31111.01,34655.25
2021-05-24,34681.44,39920,34031,38796.29
2021-05-25,38810.99,39791.77,36419.62,38324.72
2021-05-26,38324.72,40841,37800.44,39241.91
2021-05-27,39241.92,40411.14,37134.27,38529.98
2021-05-28,38529.99,38877.83,34684,35663.49
2021-05-29,35661.79,37338.58,33632.76,34605.15
2021-05-30,34605.15,36488,33379,35641.27
2021-05-31,35641.26,37499,34153.84,37253.81
2021-06-01,37253.82,37894.81,35666,36693.09
2021-06-02,36694.85,38225,35920,37568.68
2021-06-03,37568.68,39476,37170,39246.79
2021-06-04,39246.78,39289.07,35555.15,36829
2021-06-05,36829.15,37925,34800,35513.2
2021-06-06,35516.07,36480,35222,35796.31
2021-06-07,35796.31,36900,33300,33552.79
2021-06-08,33556.96,34068.01,31000,33380.81
2021-06-09,33380.8,37534.79,32396.82,37388.05
2021-06-10,37388.05,38491,35782,36675.72
2021-06-11,36677.83,37680.4,35936.77,37331.98
2021-06-12,37331.98,37463.63,34600.36,35546.11
2021-06-13,35546.12,39380,34757,39020.57
2021-06-14,39020.56,41064.05,38730,40516.29
2021-06-15,40516.28,41330,39506.4,40144.04
2021-06-16,40143.8,40527.14,38116.01,38349.01
2021-06-17,38349,39559.88,37365,38092.97
2021-06-18,38092.97,38202.84,35129.29,35819.84
2021-06-19,35820.48,36457,34803.52,35483.72
2021-06-20,35483.72,36137.72,33336,35600.16
2021-06-21,35600.17,35750,31251.23,31608.93
2021-06-22,31614.12,33298.78,28805,32509.56
2021-06-23,32509.56,34881,31683,33678.07
2021-06-24,33675.07,35298,32286.57,34663.09
2021-06-25,34663.08,35500,31275,31584.45
2021-06-26,31576.09,32730,30151,32283.65
2021-06-27,32283.65,34749,31973.45,34700.34
2021-06-28,34702.49,35297.71,33862.72,34494.89
2021-06-29,34494.89,36600,34225.43,35911.73
2021-06-30,35911.72,36100,34017.55,35045
2021-07-01,35045,35057.57,32711,33504.69
2021-07-02,33502.33,33977.04,32699,33786.55
2021-07-03,33786.54,34945.61,33316.73,34669.13
2021-07-04,34669.12,35967.85,34357.15,35286.51
2021-07-05,35288.13,35293.78,33125.55,33690.14
2021-07-06,33690.15,35118.88,33532,34220.01
2021-07-07,34220.02,35059.09,33777.77,33862.12
2021-07-08,33862.11,33929.64,32077,32875.71
2021-07-09,32875.71,34100,32261.07,33815.81
2021-07-10,33815.81,34262,33004.78,33502.87
2021-07-11,33502.87,34666,33306.47,34258.99
2021-07-12,34259,34678.43,32658.34,33086.63
2021-07-13,33086.94,33340,32202.25,32729.77
2021-07-14,32729.12,33114.03,31550,32820.02
2021-07-15,32820.03,33185.25,31133,31880
2021-07-16,31874.49,32249.18,31020,31383.87
2021-07-17,31383.86,31955.92,31164.31,31520.07
2021-07-18,31520.07,32435,31108.97,31778.56
2021-07-19,31778.57,31899,30407.44,30839.65
2021-07-20,30839.65,31063.07,29278,29790.35
2021-07-21,29790.34,32858,29482.61,32144.51
2021-07-22,32144.51,32591.35,31708,32287.83
2021-07-23,32287.58,33650,31924.32,33634.09
2021-07-24,33634.1,34500,33401.14,34258.14
2021-07-25,34261.51,35398,33851.12,35381.02
2021-07-26,35381.02,40550,35205.78,37237.6
2021-07-27,37241.33,39542.61,36383,39457.87
2021-07-28,39456.61,40900,38772,40019.56
2021-07-29,40019.57,40640,39200,40016.48
2021-07-30,40018.49,42316.71,38313.23,42206.37
2021-07-31,42206.36,42448,41000.15,41461.83
2021-08-01,41461.84,42599,39422.01,39845.44
2021-08-02,39850.27,40480.01,38690,39147.82
2021-08-03,39146.86,39780,37642.03,38207.05
2021-08-04,38207.04,39969.66,37508.56,39723.18
2021-08-05,39723.17,41350,37332.7,40862.46
2021-08-06,40862.46,43392.43,39853.86,42836.87
2021-08-07,42836.87,44700,42446.41,44572.54
2021-08-08,44572.54,45310,43261,43794.37
2021-08-09,43794.36,46454.15,42779,46253.4
2021-08-10,46248.87,46700,44589.46,45584.99
2021-08-11,45585,46743.47,45341.14,45511
2021-08-12,45510.67,46218.12,43770,44399
2021-08-13,44400.06,47886,44217.39,47800
2021-08-14,47799.99,48144,45971.03,47068.51
2021-08-15,47068.5,47372.27,45500,46973.82
2021-08-16,46973.82,48053.83,45660,45901.29
2021-08-17,45901.3,47160,44376,44695.95
2021-08-18,44695.95,46000,44203.28,44705.29
2021-08-19,44699.37,47033,43927.7,46760.62
2021-08-20,46760.62,49382.99,46622.99,49322.47
2021-08-21,49322.47,49757.04,48222,48821.87
2021-08-22,48821.88,49500,48050,49239.22
2021-08-23,49239.22,50500,49029,49488.85
2021-08-24,49488.85,49860,47600,47674.01
2021-08-25,47674.01,49264.3,47126.28,48973.32
2021-08-26,48973.32,49352.84,46250,46843.87
2021-08-27,46843.86,49149.93,46348,49069.9
2021-08-28,49069.9,49299,48346.88,48895.35
2021-08-29,48895.35,49632.27,47762.54,48767.83
2021-08-30,48767.84,48888.61,46853,46982.91
2021-08-31,46982.91,48246.11,46700,47100.89
2021-09-01,47100.89,49156,46512,48810.52
2021-09-02,48810.51,50450.13,48584.06,49246.64
2021-09-03,49246.63,51000,48316.84,49999.14
2021-09-04,49998,50535.69,49370,49915.64
2021-09-05,49917.54,51900,49450,51756.88
2021-09-06,51756.88,52780,50969.33,52663.9
2021-09-07,52666.2,52920,42843.05,46863.73
2021-09-08,46868.57,47340.99,44412.02,46048.31
2021-09-09,46048.31,47399.97,45513.08,46395.14
2021-09-10,46395.14,47033,44132.29,44850.91
2021-09-11,44842.2,45987.93,44722.22,45173.69
2021-09-12,45173.68,46460,44742.06,46025.24
2021-09-13,46025.23,46880,43370,44940.73
2021-09-14,44940.72,47250,44594.44,47111.52
2021-09-15,47103.28,48500,46682.32,48121.41
2021-09-16,48121.4,48557,47021.1,47737.82
2021-09-17,47737.81,48150,46699.56,47299.98
2021-09-18,47299.98,48843.2,47035.56,48292.74
2021-09-19,48292.75,48372.83,46829.18,47241.75
2021-09-20,47241.75,47347.25,42500,43015.62
2021-09-21,43016.64,43639,39600,40734.38
2021-09-22,40734.09,44000.55,40565.39,43543.61
2021-09-23,43546.37,44978,43069.09,44865.26
2021-09-24,44865.26,45200,40675,42810.57
2021-09-25,42810.58,42966.84,41646.28,42670.64
2021-09-26,42670.63,43950,40750,43160.9
2021-09-27,43160.9,44350,42098,42147.35
2021-09-28,42147.35,42787.38,40888,41026.54
2021-09-29,41025.01,42590,40753.88,41524.28
2021-09-30,41524.29,44141.37,41410.17,43824.1
2021-10-01,43820.01,48495,43283.03,48141.61
2021-10-02,48141.6,48336.59,47430.18,47634.9
2021-10-03,47634.89,49228.08,47088,48200.01
2021-10-04,48200.01,49536.12,46891,49224.94
2021-10-05,49224.93,51886.3,49022.4,51471.99
2021-10-06,51471.99,55750,50382.41,55315
2021-10-07,55315,55332.31,53357,53785.22
2021-10-08,53785.22,56100,53617.61,53951.43
2021-10-09,53955.67,55489,53661.67,54949.72
2021-10-10,54949.72,56561.31,54080,54659
2021-10-11,54659.01,57839.04,54415.06,57471.35
2021-10-12,57471.35,57680,53879,55996.93
2021-10-13,55996.91,57777,54167.19,57367
2021-10-14,57370.83,58532.54,56818.05,57347.94
2021-10-15,57347.94,62933,56850,61672.42
2021-10-16,61672.42,62378.42,60150,60875.57
2021-10-17,60875.57,61718.39,58963,61528.33
2021-10-18,61528.32,62695.78,59844.45,62009.84
2021-10-19,62005.6,64486,61322.22,64280.59
2021-10-20,64280.59,67000,63481.4,66001.41
2021-10-21,66001.4,66639.74,62000,62193.15
2021-10-22,62193.15,63732.39,60000,60688.22
2021-10-23,60688.23,61747.64,59562.15,61286.75
2021-10-24,61286.75,61500,59510.63,60852.22
2021-10-25,60852.22,63710.63,60650,63078.78
2021-10-26,63078.78,63293.48,59817.55,60328.81
2021-10-27,60328.81,61496,58000,58413.44
2021-10-28,58413.44,62499,57820,60575.89
2021-10-29,60575.9,62980,60174.81,62253.71
2021-10-30,62253.7,62359.25,60673,61859.19
2021-10-31,61859.19,62405.3,59945.36,61299.8
2021-11-01,61299.81,62437.74,59405,60911.11
2021-11-02,60911.12,64270,60624.68,63219.99
2021-11-03,63220.57,63500,60382.76,62896.48
2021-11-04,62896.49,63086.31,60677.01,61395.01
2021-11-05,61395.01,62595.72,60721,60937.12
2021-11-06,60940.18,61560.49,60050,61470.61
2021-11-07,61470.62,63286.35,61322.78,63273.59
2021-11-08,63273.58,67789,63273.58,67525.83
2021-11-09,67525.82,68524.25,66222.4,66947.66
2021-11-10,66947.67,69000,62822.9,64882.43
2021-11-11,64882.42,65600.07,64100,64774.26
2021-11-12,64774.25,65450.7,62278,64122.23
2021-11-13,64122.22,65000,63360.22,64380
2021-11-14,64380.01,65550.51,63576.27,65519.1
2021-11-15,65519.11,66401.82,63400,63606.74
2021-11-16,63606.73,63617.31,58574.07,60058.87
2021-11-17,60058.87,60840.23,58373,60344.87
2021-11-18,60344.86,60976,56474.26,56891.62
2021-11-19,56891.62,58320,55600,58052.24
2021-11-20,58057.1,59845,57353,59707.51
2021-11-21,59707.52,60029.76,58486.65,58622.02
2021-11-22,58617.7,59444,55610,56247.18
2021-11-23,56243.83,58009.99,55317,57541.27
2021-11-24,57541.26,57735,55837,57138.29
2021-11-25,57138.29,59398.9,57000,58960.36
2021-11-26,58960.37,59150,53500,53726.53
2021-11-27,53723.72,55280,53610,54721.03
2021-11-28,54716.47,57445.05,53256.64,57274.88
2021-11-29,57274.89,58865.97,56666.67,57776.25
2021-11-30,57776.25,59176.99,55875.55,56950.56
2021-12-01,56950.56,59053.55,56458.01,57184.07
2021-12-02,57184.07,57375.47,55777.77,56480.34
2021-12-03,56484.26,57600,51680,53601.05
2021-12-04,53601.05,53859.1,42000.3,49152.47
2021-12-05,49152.46,49699.05,47727.21,49396.33
2021-12-06,49396.32,50891.11,47100,50441.92
2021-12-07,50441.91,51936.33,50039.74,50588.95
2021-12-08,50588.95,51200,48600,50471.19
2021-12-09,50471.19,50797.76,47320,47545.59
2021-12-10,47535.9,50125,46852,47140.54
2021-12-11,47140.54,49485.71,46751,49389.99
2021-12-12,49389.99,50777,48638,50053.9
2021-12-13,50053.9,50189.97,45672.75,46702.75
2021-12-14,46702.76,48700.41,46290,48343.28
2021-12-15,48336.95,49500,46547,48864.98
2021-12-16,48864.98,49436.43,47511,47632.38
2021-12-17,47632.38,47995.96,45456,46131.2
2021-12-18,46133.83,47392.37,45500,46834.48
2021-12-19,46834.47,48300.01,46406.91,46681.23
2021-12-20,46681.24,47537.57,45558.85,46914.16
2021-12-21,46914.17,49328.96,46630,48889.88
2021-12-22,48887.59,49576.13,48421.87,48588.16
2021-12-23,48588.17,51375,47920.42,50838.81
2021-12-24,50838.82,51810,50384.43,50820
2021-12-25,50819.99,51156.23,50142.32,50399.66
2021-12-26,50399.67,51280,49412,50775.49
2021-12-27,50775.48,52088,50449,50701.44
2021-12-28,50701.44,50704.05,47313.01,47543.74
2021-12-29,47543.74,48139.08,46096.99,46464.66
2021-12-30,46464.66,47900,45900,47120.87
2021-12-31,47120.88,48548.26,45678,46216.93
2022-01-01,46216.93,47954.63,46208.37,47722.65
2022-01-02,47722.66,47990,46654,47286.18
2022-01-03,47286.18,47570,45696,46446.1
2022-01-04,46446.1,47557.54,45500,45832.01
2022-01-05,45832.01,47070,42500,43451.13
2022-01-06,43451.14,43816,42430.58,43082.31
2022-01-07,43082.3,43145.83,40610,41566.48
2022-01-08,41566.48,42300,40501,41679.74
2022-01-09,41679.74,42786.7,41200.02,41864.62
2022-01-10,41864.62,42248.5,39650,41822.49
2022-01-11,41822.49,43100,41268.93,42729.29
2022-01-12,42729.29,44322,42450,43902.66
2022-01-13,43902.65,44500,42311.22,42560.11
2022-01-14,42558.35,43448.78,41725.95,43059.96
2022-01-15,43059.96,43800,42555,43084.29
2022-01-16,43084.29,43475,42581.79,43071.66
2022-01-17,43071.66,43176.18,41540.42,42201.62
2022-01-18,42201.63,42691,41250,42352.12
2022-01-19,42352.12,42559.13,41138.56,41660.01
2022-01-20,41660,43505,40553.31,40680.91
2022-01-21,40680.92,41100,35440.45,36445.31
2022-01-22,36445.31,36835.22,34008,35071.42
2022-01-23,35071.42,36499,34601.01,36244.55
2022-01-24,36244.55,37550,32917.17,36660.35
2022-01-25,36660.35,37545.14,35701,36958.32
2022-01-26,36958.32,38919.98,36234.63,36809.34
2022-01-27,36807.24,37234.47,35507.01,37160.1
2022-01-28,37160.11,38000,36155.01,37716.56
2022-01-29,37716.57,38720.74,37268.44,38166.84
2022-01-30,38166.83,38359.26,37351.63,37881.76
2022-01-31,37881.75,38744,36632.61,38466.9
2022-02-01,38466.9,39265.2,38000,38694.59
2022-02-02,38694.59,38855.92,36586.95,36896.36
2022-02-03,36896.37,37387,36250,37311.61
2022-02-04,37311.98,41772.33,37026.73,41574.25
2022-02-05,41571.7,41913.69,40843.01,41382.59
2022-02-06,41382.6,42656,41116.56,42380.87
2022-02-07,42380.87,44500.5,41645.85,43839.99
2022-02-08,43839.99,45492,42666,44042.99
2022-02-09,44043,44799,43117.92,44372.72
2022-02-10,44372.71,45821,43174.01,43495.44
2022-02-11,43495.44,43920,41938.51,42373.73
2022-02-12,42373.73,43079.49,41688.88,42217.87
2022-02-13,42217.87,42760,41870,42053.66
2022-02-14,42053.65,42842.4,41550.56,42535.94
2022-02-15,42535.94,44751.4,42427.03,44544.86
2022-02-16,44544.85,44549.97,43307,43873.56
2022-02-17,43873.56,44164.71,40073.21,40515.7
2022-02-18,40515.71,40959.88,39450,39974.44
2022-02-19,39974.45,40444.32,39639.03,40079.17
2022-02-20,40079.17,40125.44,38000,38386.89
2022-02-21,38386.89,39494.35,36800,37008.16
2022-02-22,37008.16,38429,36350,38230.33
2022-02-23,38230.33,39249.93,37036.79,37250.01
2022-02-24,37250.02,39843,34322.28,38327.21
2022-02-25,38328.68,39683.53,38014.37,39219.17
2022-02-26,39219.16,40348.45,38573.18,39116.72
2022-02-27,39116.73,39855.7,37000,37699.07
2022-02-28,37699.08,44225.84,37450.17,43160
2022-03-01,43160,44949,42809.98,44421.2
2022-03-02,44421.2,45400,43334.09,43892.98
2022-03-03,43892.99,44101.12,41832.28,42454
2022-03-04,42454,42527.3,38550,39148.66
2022-03-05,39148.65,39613.24,38407.59,39397.96
2022-03-06,39397.97,39693.87,38088.57,38420.81
2022-03-07,38420.8,39547.57,37155,37988
2022-03-08,37988.01,39362.08,37867.65,38730.63
2022-03-09,38730.63,42594.06,38656.45,41941.71
2022-03-10,41941.7,42039.63,38539.73,39422
2022-03-11,39422.01,40236.26,38223.6,38729.57
2022-03-12,38729.57,39486.71,38660.52,38807.36
2022-03-13,38807.35,39310,37578.51,37777.34
2022-03-14,37777.35,39947.12,37555,39671.37
2022-03-15,39671.37,39887.61,38098.33,39280.33
2022-03-16,39280.33,41718,38828.48,41114
2022-03-17,41114.01,41478.82,40500,40917.9
2022-03-18,40917.89,42325.02,40135.04,41757.51
2022-03-19,41757.51,42400,41499.29,42201.13
2022-03-20,42201.13,42296.26,40911,41262.11
2022-03-21,41262.11,41544.22,40467.94,41002.25
2022-03-22,41002.26,43361,40875.51,42364.13
2022-03-23,42364.13,43025.96,41751.47,42882.76
2022-03-24,42882.76,44220.89,42560.46,43991.46
2022-03-25,43991.46,45094.14,43579,44313.16
2022-03-26,44313.16,44792.99,44071.97,44511.27
2022-03-27,44511.27,46999,44421.46,46827.76
2022-03-28,46827.76,48189.84,46663.56,47122.21
2022-03-29,47122.21,48096.47,46950.85,47434.8
2022-03-30,47434.79,47700.22,46445.42,47067.99
2022-03-31,47067.99,47600,45200,45510.34
2022-04-01,45510.35,46720.09,44200,46283.49
2022-04-02,46283.49,47213,45620,45811
2022-04-03,45810.99,47444.11,45530.92,46407.35
2022-04-04,46407.36,46890.71,45118,46580.51
2022-04-05,46580.5,47200,45353.81,45497.55
2022-04-06,45497.54,45507.14,43121,43170.47
2022-04-07,43170.47,43900.99,42727.35,43444.19
2022-04-08,43444.2,43970.62,42107.14,42252.01
2022-04-09,42252.02,42800,42125.48,42753.97
2022-04-10,42753.96,43410.3,41868,42158.85
2022-04-11,42158.85,42414.71,39200,39530.45
2022-04-12,39530.45,40699,39254.63,40074.94
2022-04-13,40074.95,41561.31,39588.54,41147.79
2022-04-14,41147.78,41500,39551.94,39942.38
2022-04-15,39942.37,40870.36,39766.4,40551.9
2022-04-16,40551.9,40709.35,39991.55,40378.71
2022-04-17,40378.7,40595.67,39546.17,39678.12
2022-04-18,39678.11,41116.73,38536.51,40801.13
2022-04-19,40801.13,41760,40571,41493.18
2022-04-20,41493.19,42199,40820,41358.19
2022-04-21,41358.19,42976,39751,40480.01
2022-04-22,40480.01,40795.06,39177,39709.18
2022-04-23,39709.19,39980,39285,39441.6
2022-04-24,39441.61,39940,38929.62,39450.13
2022-04-25,39450.12,40616,38200,40426.08
2022-04-26,40426.08,40797.31,37702.26,38112.65
2022-04-27,38112.64,39474.72,37881.31,39235.72
2022-04-28,39235.72,40372.63,38881.43,39742.07
2022-04-29,39742.06,39925.25,38175,38596.11
2022-04-30,38596.11,38795.38,37578.2,37630.8
2022-05-01,37630.8,38675,37386.38,38468.35
2022-05-02,38468.35,39167.34,38052,38525.16
2022-05-03,38525.16,38651.51,37517.8,37728.95
2022-05-04,37728.95,40023.77,37670,39690
2022-05-05,39690,39845.51,35571.9,36552.97
2022-05-06,36552.97,36675.63,35258,36013.77
2022-05-07,36013.77,36146.3,34785,35472.39
2022-05-08,35472.4,35514.22,33713.95,34038.4
2022-05-09,34038.39,34243.15,30033.33,30076.31
2022-05-10,30074.23,32658.99,29730.4,31017.1
2022-05-11,31017.11,32162.59,27785,29103.94
2022-05-12,29103.94,30243,26700,29029.75
2022-05-13,29029.74,31083.37,28751.67,29287.05
2022-05-14,29287.05,30343.27,28630,30086.74
2022-05-15,30086.74,31460,29480,31328.89
2022-05-16,31328.89,31328.9,29087.04,29874.01
2022-05-17,29874.01,30788.37,29450.38,30444.93
2022-05-18,30444.93,30709.99,28654.47,28715.32
2022-05-19,28715.33,30545.18,28691.38,30319.23
2022-05-20,30319.22,30777.33,28730,29201.01
2022-05-21,29201.01,29656.18,28947.28,29445.06
2022-05-22,29445.07,30487.99,29255.11,30293.94
2022-05-23,30293.93,30670.51,28866.35,29109.15
2022-05-24,29109.14,29845.86,28669,29654.58
2022-05-25,29654.58,30223.74,29294.21,29542.15
2022-05-26,29542.14,29886.64,28019.56,29201.35
2022-05-27,29201.35,29397.66,28282.9,28629.8
2022-05-28,28629.81,29266,28450,29031.33
2022-05-29,29031.33,29587.78,28839.21,29468.1
2022-05-30,29468.1,32222,29299.62,31734.22
2022-05-31,31734.23,32399,31200.01,31801.04
2022-06-01,31801.05,31982.97,29301,29805.83
2022-06-02,29805.84,30689,29594.55,30452.62
2022-06-03,30452.63,30699,29282.36,29700.21
2022-06-04,29700.21,29988.88,29485,29864.04
2022-06-05,29864.03,30189,29531.42,29919.21
2022-06-06,29919.2,31765.64,29890.23,31373.1
2022-06-07,31373.1,31589.6,29218.96,31125.33
2022-06-08,31125.32,31327.22,29843.88,30204.77
2022-06-09,30204.77,30700,29944.1,30109.93
2022-06-10,30109.93,30382.8,28850,29091.88
2022-06-11,29091.87,29440.41,28099.99,28424.7
2022-06-12,28424.71,28544.96,26560,26574.53
2022-06-13,26574.53,26895.84,21925.77,22487.41
2022-06-14,22485.27,23362.88,20846,22136.41
2022-06-15,22136.42,22800,20111.62,22583.72
2022-06-16,22583.72,22995.73,20232,20401.31
2022-06-17,20400.6,21365.43,20246.66,20468.81
2022-06-18,20468.81,20792.06,17622,18970.79
2022-06-19,18970.79,20815.95,17960.41,20574
2022-06-20,20574,21090,19637.03,20573.89
2022-06-21,20573.9,21723,20348.4,20723.52
2022-06-22,20723.51,20900,19770.51,19987.99
2022-06-23,19988,21233,19890.07,21110.13
2022-06-24,21110.12,21558.41,20736.72,21237.69
2022-06-25,21237.68,21614.5,20906.62,21491.19
2022-06-26,21491.18,21888,20964.73,21038.07
2022-06-27,21038.08,21539.85,20510,20742.56
2022-06-28,20742.57,21212.1,20202.01,20281.29
2022-06-29,20281.28,20432.31,19854.92,20123.01
2022-06-30,20123,20179.08,18626,19942.21
2022-07-01,19942.21,20918.35,18975,19279.8
2022-07-02,19279.8,19467.39,18977.01,19252.81
2022-07-03,19252.82,19647.63,18781,19315.83
2022-07-04,19315.83,20354.01,19055.31,20236.71
2022-07-05,20236.71,20750,19304.4,20175.83
2022-07-06,20175.84,20675.22,19761.25,20564.51
2022-07-07,20564.51,21838.1,20251.68,21624.98
2022-07-08,21624.99,22527.37,21189.26,21594.75
2022-07-09,21594.75,21980,21322.12,21591.83
2022-07-10,21592.15,21607.65,20655,20862.47
2022-07-11,20861.11,20868.48,19875.23,19963.61
2022-07-12,19963.61,20059.42,19240,19328.75
2022-07-13,19331.28,20366.61,18910.94,20234.87
2022-07-14,20234.87,20900,19616.07,20588.84
2022-07-15,20588.84,21200,20382.29,20830.04
2022-07-16,20830.04,21588.94,20478.61,21195.6
2022-07-17,21195.6,21684.54,20750.01,20798.16
2022-07-18,20799.58,22777.63,20762.45,22432.58
2022-07-19,22432.58,23800,21579.54,23396.62
2022-07-20,23398.48,24276.74,22906.19,23223.3
2022-07-21,23223.3,23442.77,22341.46,23152.19
2022-07-22,23152.19,23756.49,22500,22684.83
2022-07-23,22684.83,23000.77,21934.57,22451.07
2022-07-24,22448.58,23014.64,22257.15,22579.68
2022-07-25,22577.13,22666,21250,21310.9
2022-07-26,21310.9,21347.82,20706.5,21254.67
2022-07-27,21254.67,23112.63,21042.53,22952.45
2022-07-28,22954.31,24199.72,22582.13,23842.93
2022-07-29,23845.25,24442.66,23414.03,23773.75
2022-07-30,23777.28,24668,23502.25,23643.51
2022-07-31,23644.64,24194.82,23227.31,23293.32
2022-08-01,23296.36,23509.68,22850,23268.01
2022-08-02,23266.9,23459.89,22654.37,22987.79
2022-08-03,22985.93,23647.68,22681.22,22818.37
2022-08-04,22816.91,23223.32,22400,22622.98
2022-08-05,22622.41,23472.86,22586.95,23312.42
2022-08-06,23313.56,23354.36,22909.52,22954.21
2022-08-07,22954.21,23402,22844.62,23174.39
2022-08-08,23174.39,24245,23154.25,23810
2022-08-09,23810.98,23933.25,22865,23149.95
2022-08-10,23151.32,24226,22664.69,23954.05
2022-08-11,23954.05,24918.54,23852.13,23934.39
2022-08-12,23933.09,24456.5,23583,24403.68
2022-08-13,24401.7,24888,24291.22,24441.38
2022-08-14,24443.06,25047.56,24144,24305.24
2022-08-15,24305.25,25211.32,23773.22,24094.82
2022-08-16,24093.04,24247.49,23671.22,23854.74
2022-08-17,23856.15,24446.71,23180.4,23342.66
2022-08-18,23342.66,23600,23111.04,23191.2
2022-08-19,23191.45,23208.67,20783.57,20834.39
2022-08-20,20834.39,21382.85,20761.9,21140.07
2022-08-21,21140.07,21800,21069.11,21515.61
2022-08-22,21516.7,21548.71,20890.18,21399.83
2022-08-23,21400.75,21684.87,20890.14,21529.12
2022-08-24,21529.11,21900,21145,21368.08
2022-08-25,21368.05,21819.88,21310.15,21559.04
2022-08-26,21559.04,21886.77,20107.9,20241.05
2022-08-27,20239.14,20402.93,19800,20037.6
2022-08-28,20037.6,20171.18,19520,19555.61
2022-08-29,19555.61,20433.62,19550.79,20285.73
2022-08-30,20287.2,20576.25,19540,19811.66
2022-08-31,19813.03,20490,19797.94,20050.02
2022-09-01,20048.44,20208.37,19565.66,20131.46
2022-09-02,20132.64,20441.26,19755.29,19951.86
2022-09-03,19950.98,20055.93,19652.72,19831.9
2022-09-04,19832.45,20029.23,19583.1,20000.3
2022-09-05,20000.3,20057.27,19633.83,19796.84
2022-09-06,19795.34,20180,18649.51,18790.61
2022-09-07,18790.61,19464.06,18510.77,19292.84
2022-09-08,19292.85,19458.25,19012,19319.77
2022-09-09,19320.54,21597.22,19291.75,21360.11
2022-09-10,21361.62,21810.8,21111.13,21648.34
2022-09-11,21647.21,21860,21350,21826.87
2022-09-12,21826.87,22488,21538.51,22395.74
2022-09-13,22395.44,22799,19860,20173.57
2022-09-14,20173.62,20541.48,19617.62,20226.71
2022-09-15,20227.17,20330.24,19497,19701.88
2022-09-16,19701.88,19890,19320.01,19803.3
2022-09-17,19803.3,20189,19748.08,20113.62
2022-09-18,20112.61,20117.26,19335.62,19416.18
2022-09-19,19417.45,19686.2,18232.56,19537.02
2022-09-20,19537.02,19634.62,18711.87,18875
2022-09-21,18874.31,19956,18125.98,18461.36
2022-09-22,18461.36,19550.17,18356.39,19401.63
2022-09-23,19401.63,19500,18531.42,19289.91
2022-09-24,19288.57,19316.14,18805.34,18920.5
2022-09-25,18921.99,19180.21,18629.2,18807.38
2022-09-26,18809.13,19318.96,18680.72,19227.82
2022-09-27,19226.68,20385.86,18816.32,19079.13
2022-09-28,19078.1,19790,18471.28,19412.82
2022-09-29,19412.82,19645.52,18843.01,19591.51
2022-09-30,19590.54,20185,19155.36,19422.61
2022-10-01,19422.61,19484,19159.42,19310.95
2022-10-02,19312.24,19395.91,18920.35,19056.8
2022-10-03,19057.74,19719.1,18959.68,19629.08
2022-10-04,19629.08,20475,19490.6,20337.82
2022-10-05,20337.82,20365.6,19730,20158.26
2022-10-06,20158.26,20456.6,19853,19960.67
2022-10-07,19960.67,20068.82,19320,19530.09
2022-10-08,19530.09,19627.38,19237.14,19417.96
2022-10-09,19416.52,19558,19316.04,19439.02
2022-10-10,19439.96,19525,19020.25,19131.87
2022-10-11,19131.87,19268.09,18860,19060
2022-10-12,19060,19238.31,18965.88,19155.53
2022-10-13,19155.1,19513.79,18190,19375.13
2022-10-14,19375.58,19951.87,19070.37,19176.93
2022-10-15,19176.93,19227.68,18975.18,19069.39
2022-10-16,19068.4,19425.84,19063.74,19262.98
2022-10-17,19262.98,19676.96,19152.03,19549.86
2022-10-18,19548.48,19706.66,19091,19327.44
2022-10-19,19327.44,19360.16,19065.97,19123.97
2022-10-20,19123.35,19347.82,18900,19041.92
2022-10-21,19041.92,19250,18650,19164.37
2022-10-22,19164.37,19257,19112.72,19204.35
2022-10-23,19204.29,19695,19070.11,19570.4
2022-10-24,19570.4,19601.15,19157,19329.72
2022-10-25,19330.6,20415.87,19237,20080.07
2022-10-26,20079.02,21020,20050.41,20771.59
2022-10-27,20771.61,20872.21,20200,20295.11
2022-10-28,20295.11,20750,20000.09,20591.84
2022-10-29,20591.84,21085,20554.01,20809.67
2022-10-30,20809.68,20931.21,20515,20627.48
2022-10-31,20627.48,20845.92,20237.95,20490.74
2022-11-01,20490.74,20700,20330.74,20483.62
2022-11-02,20482.81,20800,20048.04,20151.84
2022-11-03,20151.84,20393.32,20031.24,20207.82
2022-11-04,20207.12,21302.05,20180.96,21148.52
2022-11-05,21148.52,21480.65,21080.65,21299.37
2022-11-06,21299.37,21365.27,20886.13,20905.58
2022-11-07,20905.58,21069.77,20384.89,20591.13
2022-11-08,20590.67,20700.88,17166.83,18547.23
2022-11-09,18545.38,18587.76,15588,15922.81
2022-11-10,15922.68,18199,15754.26,17601.15
2022-11-11,17602.45,17695,16361.6,17070.31
2022-11-12,17069.98,17119.1,16631.39,16812.08
2022-11-13,16813.16,16954.28,16229,16329.85
2022-11-14,16331.78,17190,15815.21,16619.46
2022-11-15,16617.72,17134.69,16527.72,16900.57
2022-11-16,16900.57,17015.92,16378.61,16662.76
2022-11-17,16661.61,16751,16410.74,16692.56
2022-11-18,16692.56,17011,16546.04,16700.45
2022-11-19,16699.43,16822.41,16553.53,16700.68
2022-11-20,16700.68,16753.33,16180,16280.23
2022-11-21,16279.5,16319,15476,15781.29
2022-11-22,15781.29,16315,15616.63,16226.94
2022-11-23,16227.96,16706,16160.2,16603.11
2022-11-24,16603.11,16812.63,16458.05,16598.95
2022-11-25,16599.55,16666,16342.81,16522.14
2022-11-26,16521.35,16701.99,16385,16458.57
2022-11-27,16457.61,16600,16401,16428.78
2022-11-28,16428.77,16487.04,15995.27,16212.91
2022-11-29,16212.18,16548.71,16100,16442.53
2022-11-30,16442.91,17249,16428.3,17163.64
2022-12-01,17165.53,17324,16855.01,16977.37
2022-12-02,16978,17105.73,16787.85,17092.74
2022-12-03,17092.13,17188.98,16858.74,16885.2
2022-12-04,16885.2,17202.84,16878.25,17105.7
2022-12-05,17106.65,17424.25,16867,16966.35
2022-12-06,16966.35,17107.01,16906.37,17088.96
2022-12-07,17088.96,17142.21,16678.83,16836.64
2022-12-08,16836.64,17299,16733.49,17224.1
2022-12-09,17224.1,17360,17058.21,17128.56
2022-12-10,17128.56,17227.72,17092,17127.49
2022-12-11,17127.49,17270.99,17071,17085.05
2022-12-12,17085.05,17241.89,16871.85,17209.83
2022-12-13,17208.93,18000,17080.14,17774.7
2022-12-14,17775.82,18387.95,17660.94,17803.15
2022-12-15,17804.01,17854.82,17275.51,17356.34
2022-12-16,17356.96,17531.73,16527.32,16632.12
2022-12-17,16631.5,16796.82,16579.85,16776.52
2022-12-18,16777.54,16863.26,16663.07,16738.21
2022-12-19,16739,16815.99,16256.3,16438.88
2022-12-20,16438.88,17061.27,16397.2,16895.56
2022-12-21,16896.15,16925,16723,16824.67
2022-12-22,16824.68,16868.52,16559.85,16821.43
2022-12-23,16821.9,16955.14,16731.13,16778.5
2022-12-24,16778.52,16869.99,16776.62,16836.12
2022-12-25,16835.73,16857.96,16721,16832.11
2022-12-26,16832.11,16944.52,16791,16919.39
2022-12-27,16919.39,16972.83,16592.37,16706.36
2022-12-28,16706.06,16785.19,16465.33,16547.31
2022-12-29,16547.32,16664.41,16488.91,16633.47
2022-12-30,16633.47,16677.35,16333,16607.48
2022-12-31,16607.48,16644.09,16470,16542.4
2023-01-01,16541.77,16628,16499.01,16616.75
2023-01-02,16617.17,16799.23,16548.7,16672.87
2023-01-03,16672.78,16778.4,16605.28,16675.18
2023-01-04,16675.65,16991.87,16652.66,16850.36
2023-01-05,16850.36,16879.82,16753,16831.85
2023-01-06,16831.85,17041,16679,16950.65
2023-01-07,16950.31,16981.91,16908,16943.57
2023-01-08,16943.83,17176.99,16911,17127.83
2023-01-09,17127.83,17398.8,17104.66,17178.26
2023-01-10,17179.04,17499,17146.34,17440.66
2023-01-11,17440.64,18000,17315.6,17943.26
2023-01-12,17943.26,19117.04,17892.05,18846.62
2023-01-13,18846.62,20000,18714.12,19930.01
2023-01-14,19930.01,21258,19888.05,20954.92
2023-01-15,20952.76,21050.74,20551.01,20871.5
2023-01-16,20872.99,21474.05,20611.48,21185.65
2023-01-17,21185.65,21647.45,20841.31,21134.81
2023-01-18,21132.29,21650,20407.15,20677.47
2023-01-19,20677.47,21192,20659.19,21071.59
2023-01-20,21071.59,22755.93,20861.28,22667.21
2023-01-21,22666,23371.8,22422,22783.55
2023-01-22,22783.35,23078.71,22292.37,22707.88
2023-01-23,22706.02,23180,22500,22916.45
2023-01-24,22917.81,23162.2,22462.93,22632.89
2023-01-25,22631.94,23816.73,22300,23060.94
2023-01-26,23060.42,23282.47,22850.01,23009.65
2023-01-27,23009.65,23500,22534.88,23074.16
2023-01-28,23074.16,23189,22878.46,23022.6
2023-01-29,23021.4,23960.54,22967.76,23742.3
2023-01-30,23743.37,23800.51,22500,22826.15
2023-01-31,22827.38,23320,22714.77,23125.13
2023-02-01,23125.13,23812.66,22760.23,23732.66
2023-02-02,23731.41,24255,23363.27,23488.94
2023-02-03,23489.33,23715.7,23204.62,23431.9
2023-02-04,23431.9,23587.78,23253.96,23326.84
2023-02-05,23327.66,23433.33,22743,22932.91
2023-02-06,22932.91,23158.25,22628.13,22762.52
2023-02-07,22762.52,23350.25,22745.78,23240.46
2023-02-08,23242.42,23452,22665.85,22963
2023-02-09,22961.85,23011.39,21688,21796.35
2023-02-10,21797.83,21938.16,21451,21625.19
2023-02-11,21625.19,21906.32,21599.78,21862.55
2023-02-12,21862.02,22090,21630,21783.54
2023-02-13,21782.37,21894.99,21351.07,21773.97
2023-02-14,21774.63,22319.08,21532.77,22199.84
2023-02-15,22199.84,24380,22047.28,24324.05
2023-02-16,24322.87,25250,23505.25,23517.72
2023-02-17,23517.72,25021.11,23339.37,24569.97
2023-02-18,24568.24,24877,24430,24631.95
2023-02-19,24632.05,25192,24192.57,24271.76
2023-02-20,24272.51,25121.23,23840.83,24842.2
2023-02-21,24843.89,25250,24148.34,24452.16
2023-02-22,24450.67,24476.05,23574.69,24182.21
2023-02-23,24182.21,24599.59,23608,23940.2
2023-02-24,23940.2,24132.35,22841.19,23185.29
2023-02-25,23184.04,23219.13,22722,23157.07
2023-02-26,23157.07,23689.99,23059.18,23554.85
2023-02-27,23554.85,23897.99,23106.77,23492.09
2023-02-28,23492.09,23600,23020.97,23141.57
2023-03-01,23141.57,24000,23020.03,23628.97
2023-03-02,23629.76,23796.93,23195.9,23465.32
2023-03-03,23465.32,23476.95,21971.13,22354.34
2023-03-04,22354.34,22410,22157.08,22346.57
2023-03-05,22346.57,22662.09,22189.22,22430.24
2023-03-06,22430.24,22602.19,22258,22410
2023-03-07,22409.41,22557.91,21927,22197.96
2023-03-08,22198.56,22287,21580,21705.44
2023-03-09,21704.37,21834.99,20042.72,20362.22
2023-03-10,20362.21,20367.78,19549.09,20150.69
2023-03-11,20150.69,20686.51,19765.03,20455.73
2023-03-12,20455.73,22150,20270.6,21997.11
2023-03-13,21998.05,24500,21813.88,24113.48
2023-03-14,24112.27,26386.87,23976.42,24670.41
2023-03-15,24670.41,25196.97,23896.95,24285.66
2023-03-16,24285.66,25167.4,24123,24998.78
2023-03-17,24998.78,27756.84,24890,27395.13
2023-03-18,27395.13,27724.85,26578,26907.49
2023-03-19,26907.49,28390.1,26827.22,27972.87
2023-03-20,27972.87,28472,27124.47,27717.01
2023-03-21,27717.01,28438.55,27303.1,28105.47
2023-03-22,28107.81,28868.05,26601.8,27250.97
2023-03-23,27250.97,28750,27105,28295.41
2023-03-24,28295.42,28374.3,27000,27454.47
2023-03-25,27454.46,27787.33,27156.09,27462.95
2023-03-26,27462.96,28194.4,27417.76,27968.05
2023-03-27,27968.05,28023.86,26508.14,27124.91
2023-03-28,27124.9,27520,26631.78,27261.07
2023-03-29,27261.06,28650,27240.1,28348.6
2023-03-30,28348.6,29184.68,27686,28028.53
2023-03-31,28028.53,28656.69,27511.71,28465.36
2023-04-01,28465.36,28819.71,28220.27,28452.73
2023-04-02,28452.74,28530,27856.43,28171.87
2023-04-03,28171.87,28500.99,27200.24,27800
2023-04-04,27800,28444.44,27662.79,28165.47
2023-04-05,28165.47,28775,27805.1,28170.01
2023-04-06,28170.01,28182.05,27711,28033.82
2023-04-07,28033.83,28100,27766.94,27906.33
2023-04-08,27906.34,28154.99,27859.02,27938.38
2023-04-09,27938.38,28530,27800,28323.76
2023-04-10,28323.76,29770,28170,29637.34
2023-04-11,29637.35,30550,29590,30200.42
2023-04-12,30200.43,30486,29637.4,29888.07
2023-04-13,29888.07,30595,29854.59,30373.84
2023-04-14,30373.84,31000,29966,30466.93
2023-04-15,30466.93,30595.6,30202,30295.09
2023-04-16,30295.1,30549.99,30120,30304.65
2023-04-17,30304.66,30316.06,29240.65,29430.27
2023-04-18,29430.27,30485,29096.78,30380.01
2023-04-19,30380.01,30413.53,28520,28797.1
2023-04-20,28797.1,29088.3,28010,28243.65
2023-04-21,28243.65,28374.02,27125,27262.84
2023-04-22,27262.84,27882.72,27140.35,27816.85
2023-04-23,27816.85,27816.85,27311.25,27590.6
2023-04-24,27590.59,28000,26942.82,27510.93
2023-04-25,27510.93,28399.99,27192,28300.79
2023-04-26,28300.8,30036,27235,28415.29
2023-04-27,28415.29,29890,28378.86,29472.77
2023-04-28,29472.77,29599.54,28891,29311.7
2023-04-29,29311.69,29448.88,29031,29230.45
2023-04-30,29230.45,29969.39,29079.59,29233.21
2023-05-01,29233.2,29337.34,27666.95,28068.26
2023-05-02,28068.26,28879.88,27872,28669.86
2023-05-03,28669.85,29266.66,28113.69,29026.16
2023-05-04,29026.16,29379.83,28663.64,28838.16
2023-05-05,28838.16,29677,28800,29505.61
2023-05-06,29505.6,29820,28300,28848.2
2023-05-07,28848.19,29138.29,28395.23,28430.1
2023-05-08,28430.09,28631.01,27262,27668.79
2023-05-09,27668.8,27818,27353,27628.27
2023-05-10,27628.28,28331.42,26777,27598.75
2023-05-11,27598.74,27630.14,26702.05,26968.62
2023-05-12,26968.61,27091.12,25811.46,26795.01
2023-05-13,26795.01,27045.45,26692.03,26775.28
2023-05-14,26775.27,27200,26560.53,26917.62
2023-05-15,26917.61,27663.59,26726,27162.14
2023-05-16,27162.15,27296.89,26852.11,27033.84
2023-05-17,27033.85,27500,26544.71,27405.61
2023-05-18,27405.62,27485.33,26361.2,26821.28
2023-05-19,26821.28,27183.6,26630,26880.26
2023-05-20,26880.26,27150,26825.11,27102.43
2023-05-21,27102.42,27277.55,26666.03,26747.78
2023-05-22,26747.78,27099.89,26538.21,26849.27
2023-05-23,26849.28,27495.83,26798.11,27219.61
2023-05-24,27219.61,27219.61,26080.5,26329.01
2023-05-25,26329,26631.98,25871.89,26473.79
2023-05-26,26473.8,26932.16,26327.24,26705.92
2023-05-27,26705.93,26895,26551,26854.27
2023-05-28,26854.28,28261.32,26764.36,28065
2023-05-29,28065.01,28447.14,27524.6,27736.4
2023-05-30,27736.39,28038.59,27554,27694.4
2023-05-31,27694.39,27835.51,26839.01,27210.35
2023-06-01,27210.36,27350,26605.05,26817.93
2023-06-02,26817.93,27300,26505,27242.59
2023-06-03,27242.59,27333.29,26914.93,27069.22
2023-06-04,27069.22,27455.02,26951,27115.21
2023-06-05,27115.2,27129.33,25388,25728.2
2023-06-06,25728.2,27355.33,25351.02,27230.08
2023-06-07,27230.07,27391.77,26125.01,26339.34
2023-06-08,26339.34,26810,26210,26498.61
2023-06-09,26498.62,26783.33,26269.91,26477.81
2023-06-10,26477.8,26533.87,25358,25841.21
2023-06-11,25841.22,26206.88,25634.7,25925.55
2023-06-12,25925.54,26106.48,25602.11,25905.19
2023-06-13,25905.2,26433.21,25712.57,25934.25
2023-06-14,25934.24,26098,24820.56,25128.6
2023-06-15,25128.6,25759.01,24800,25598.49
2023-06-16,25598.49,26518,25175.56,26345
2023-06-17,26345.01,26839.99,26181,26516.99
2023-06-18,26516.99,26700,26255.85,26339.97
2023-06-19,26339.98,27068.09,26256.61,26844.35
2023-06-20,26844.35,28402.74,26652,28307.99
2023-06-21,28308,30800,28257.99,29993.89
2023-06-22,29993.89,30500,29525.61,29884.92
2023-06-23,29884.92,31431.94,29800,30688.5
2023-06-24,30688.51,30800,30250,30527.43
2023-06-25,30527.44,31046.01,30277.49,30462.66
2023-06-26,30462.67,30666,29930,30267.99
2023-06-27,30267.99,30994.97,30226.17,30692.44
2023-06-28,30692.44,30709.74,29858.8,30077.41
2023-06-29,30077.4,30843.98,30049.98,30447.31
2023-06-30,30447.31,31282,29500,30472
2023-07-01,30471.99,30661.6,30320.57,30585.9
2023-07-02,30585.9,30791,30155,30617.03
2023-07-03,30617.02,31380,30570.27,31156.2
2023-07-04,31156.2,31350.69,30620,30766.51
2023-07-05,30766.52,30878.07,30200,30504.81
2023-07-06,30504.8,31500,29850.45,29895.43
2023-07-07,29895.42,30449,29701.02,30344.7
2023-07-08,30344.7,30386.81,30044.47,30284.63
2023-07-09,30284.63,30445.52,30061.12,30160.71
2023-07-10,30160.71,31045.78,29950,30411.57
2023-07-11,30411.57,30813.63,30300,30622.1
2023-07-12,30622.1,30983.25,30210,30380
2023-07-13,30380,31804.2,30251,31454.23
2023-07-14,31454.23,31630,29900,30312.01
2023-07-15,30312,30390.9,30200,30289.52
2023-07-16,30289.52,30441.46,30064.29,30231.99
2023-07-17,30232,30336.96,29659.2,30138
2023-07-18,30138.01,30239.78,29512,29859.13
2023-07-19,29859.14,30189.09,29761.96,29909.21
2023-07-20,29909.21,30417.46,29570.96,29800
2023-07-21,29800,30061.7,29726.34,29901.72
2023-07-22,29901.72,29999,29625.1,29794
2023-07-23,29793.99,30350,29730,30083.75
2023-07-24,30083.75,30099.58,28861.9,29176.5
2023-07-25,29176.5,29376,29047.65,29228.91
2023-07-26,29228.91,29690,29096.94,29351.96
2023-07-27,29351.95,29567.49,29083.85,29222.78
2023-07-28,29222.78,29542.22,29123.12,29314.14
2023-07-29,29314.14,29406.92,29256.18,29352.9
2023-07-30,29352.9,29449,29033.24,29281.09
2023-07-31,29281.09,29530,29101.8,29232.25
2023-08-01,29232.26,29739.25,28585.7,29705.99
2023-08-02,29705.99,30047.5,28927.5,29186.01
2023-08-03,29186,29433.33,28968,29193.64
2023-08-04,29193.65,29333.08,28807.54,29113.99
2023-08-05,29114,29152.23,28978.64,29072.13
2023-08-06,29072.13,29205.09,28991.88,29088.42
2023-08-07,29088.43,29276.78,28701.03,29211.06
2023-08-08,29211.06,30244,29146.45,29770.42
2023-08-09,29770.41,30160,29376.67,29581.99
2023-08-10,29581.99,29738,29320.2,29455.75
2023-08-11,29455.76,29564.52,29252.45,29426.03
2023-08-12,29426.02,29481.35,29381.56,29430.17
2023-08-13,29430.18,29474.65,29272.32,29303.84
2023-08-14,29303.85,29695.32,29102.45,29430.93
2023-08-15,29430.92,29499.26,29059.6,29200
2023-08-16,29200.01,29259.85,28723.08,28730.51
2023-08-17,28730.51,28783.48,25166,26623.41
2023-08-18,26623.41,26832.6,25619,26054
2023-08-19,26054,26281,25801.09,26100.01
2023-08-20,26100.01,26299,25971.05,26189.99
2023-08-21,26190,26258.42,25812,26126.92
2023-08-22,26126.92,26139.42,25300,26056
2023-08-23,26055.99,26819.27,25812.82,26432.72
2023-08-24,26432.71,26577.87,25864,26180.05
2023-08-25,26180.05,26314.05,25777.15,26060.01
2023-08-26,26060,26125.77,25985.92,26017.37
2023-08-27,26017.38,26182.23,25966.11,26101.77
2023-08-28,26101.78,26253.99,25864.5,26120
2023-08-29,26120,28142.85,25922,27716.34
2023-08-30,27716.34,27768.57,27017.24,27299.99
2023-08-31,27299.99,27587.51,25655.01,25940.78
2023-09-01,25940.77,26156,25333.75,25805.05
2023-09-02,25805.04,25987.5,25752.47,25869.51
2023-09-03,25869.52,26135,25800,25971.21
2023-09-04,25971.21,26108.02,25631.21,25826.02
2023-09-05,25826.03,25915.49,25562.62,25792.1
2023-09-06,25792.11,26040,25372.51,25759.95
2023-09-07,25759.95,26443.14,25615.38,26255
2023-09-08,26255,26445.5,25647.26,25910.5
2023-09-09,25910.5,25945.09,25796.64,25901.61
2023-09-10,25901.6,26033.66,25570.57,25841.61
2023-09-11,25841.6,25900.69,24901,25162.52
2023-09-12,25162.53,26567,25131.48,25840.1
2023-09-13,25840.1,26405.22,25764.17,26222
2023-09-14,26222,26860.49,26126.77,26522.73
2023-09-15,26522.73,26888,26224,26600
2023-09-16,26599.99,26777,26445,26559.67
2023-09-17,26559.67,26623.25,26399,26527.51
2023-09-18,26527.5,27409,26377.35,26762.51
2023-09-19,26762.5,27483.57,26667.79,27210.26
2023-09-20,27210.25,27388.63,26800,27125
2023-09-21,27125.01,27159.6,26377.7,26568.08
2023-09-22,26568.08,26743.38,26468.77,26580.14
2023-09-23,26580.14,26632.81,26509,26575.96
2023-09-24,26575.97,26738.54,26122.08,26248.38
2023-09-25,26248.39,26446.15,25990.46,26304.81
2023-09-26,26304.8,26397.46,26088.34,26221.67
2023-09-27,26221.68,26850,26112.06,26372.99
2023-09-28,26373,27308.48,26342.4,27021.39
2023-09-29,27021.39,27244.89,26665.16,26906.96
2023-09-30,26906.96,27094.99,26886.31,26962.56
2023-10-01,26962.57,28065.51,26954.09,27992.57
2023-10-02,27992.58,28580,27281.44,27494.51
2023-10-03,27494.51,27676.52,27160.5,27426.46
2023-10-04,27426.45,27839.72,27202,27778.57
2023-10-05,27778.57,28120.39,27352,27410.39
2023-10-06,27410.39,28295,27175.94,27931.09
2023-10-07,27931.1,28029.67,27842.08,27956.67
2023-10-08,27956.67,28095.14,27687.5,27917.05
2023-10-09,27917.06,27987.93,27260,27590.12
2023-10-10,27590.12,27735,27298,27390.12
2023-10-11,27390.12,27477.39,26538.66,26875.52
2023-10-12,26875.52,26947.04,26555,26759.63
2023-10-13,26759.63,27130,26685,26862
2023-10-14,26862,26989.58,26789,26852.48
2023-10-15,26852.48,27293.33,26808.25,27154.15
2023-10-16,27154.14,30000,27112.66,28500.78
2023-10-17,28500.77,28613.65,28069.32,28395.91
2023-10-18,28395.91,28982.36,28142.87,28320
2023-10-19,28320,28916.89,28100.66,28713.71
2023-10-20,28713.71,30207.55,28578.29,29669.04
2023-10-21,29669.05,30379.99,29464.77,29909.8
2023-10-22,29909.8,30248,29640,29992.46
2023-10-23,29992.46,34741.91,29883.6,33069.99
2023-10-24,33069.99,35280,32832.34,33922.73
2023-10-25,33922.73,35132.85,33679.05,34496.05
2023-10-26,34496.05,34824.13,33751,34151.66
2023-10-27,34151.66,34245,33390.95,33892.02
2023-10-28,33892.01,34493.33,33860,34081
2023-10-29,34081.01,34750.11,33930,34525.89
2023-10-30,34525.88,34856,34062.84,34474.73
2023-10-31,34474.74,34720.49,34025,34639.77
2023-11-01,34639.78,35582,34097.39,35421.43
2023-11-02,35421.43,35984.99,34300,34941.59
2023-11-03,34941.58,34946.5,34120,34716.78
2023-11-04,34716.78,35255,34585.18,35062.07
2023-11-05,35062.06,35380,34448,35011.88
2023-11-06,35011.89,35276.33,34725.9,35046.09
2023-11-07,35046.09,35888,34523.06,35399.12
2023-11-08,35399.13,36106,35100,35624.72
2023-11-09,35624.72,37972.24,35534.05,36701.09
2023-11-10,36701.1,37526,36324.71,37301.63
2023-11-11,37301.63,37408.26,36666.93,37130
2023-11-12,37129.99,37222.22,36731.1,37064.13
2023-11-13,37064.13,37417.99,36333,36462.93
2023-11-14,36462.93,36744,34800,35551.19
2023-11-15,35551.2,37980,35360,37858.2
2023-11-16,37858.2,37929.54,35500,36163.51
2023-11-17,36163.51,36800,35861.1,36613.92
2023-11-18,36613.91,36845.49,36178.58,36568.1
2023-11-19,36568.11,37500,36384.02,37359.86
2023-11-20,37359.85,37750,36677,37448.78
2023-11-21,37448.79,37649.44,35735,35741.65
2023-11-22,35741.65,37861.1,35632.01,37408.34
2023-11-23,37408.35,37653.44,36870,37294.28
2023-11-24,37294.27,38414,37251.51,37713.57
2023-11-25,37713.57,37888,37591.1,37780.67
2023-11-26,37780.67,37814.63,37150,37447.43
2023-11-27,37447.42,37569.23,36707,37242.7
2023-11-28,37242.7,38377,36868.41,37818.87
2023-11-29,37818.88,38450,37570,37854.64
2023-11-30,37854.65,38145.85,37500,37723.96
2023-12-01,37723.97,38999,37615.86,38682.52
2023-12-02,38682.51,39717.14,38641.61,39450.35
2023-12-03,39450.35,40250,39274.86,39972.26
2023-12-04,39972.26,42420,39972.26,41991.1
2023-12-05,41991.1,44488,41414,44073.32
2023-12-06,44073.82,44297.21,43335.28,43762.69
2023-12-07,43762.69,44047.33,42821.1,43273.14
2023-12-08,43273.15,44700,43081.1,44170.99
2023-12-09,44171,44358.02,43584.51,43713.6
2023-12-10,43713.59,44049,43563,43789.51
2023-12-11,43789.5,43804.5,40222,41253.4
2023-12-12,41253.41,42104.12,40680,41492.39
2023-12-13,41492.38,43475.2,40555,42869.03
2023-12-14,42869.03,43420,41400,43022.26
2023-12-15,43022.26,43080.81,41666,41940.3
2023-12-16,41940.29,42724.43,41605,42278.03
2023-12-17,42278.02,42424.07,41252,41374.65
2023-12-18,41374.64,42757.81,40542.93,42657.8
2023-12-19,42657.8,43497,41811.1,42275.99
2023-12-20,42275.99,44283,42206,43668.93
2023-12-21,43668.92,44242.35,43286.72,43861.8
2023-12-22,43861.79,44398.26,43412.54,43969.04
2023-12-23,43969.04,43988.68,43291.1,43702.16
2023-12-24,43702.15,43946,42500,42991.5
2023-12-25,42991.5,43802.32,42720.43,43576.13
2023-12-26,43576.12,43592.68,41637.6,42508.93
2023-12-27,42508.93,43677,42098.69,43428.85
2023-12-28,43428.86,43787.57,42241.79,42563.76
2023-12-29,42563.76,43111,41300,42066.95
2023-12-30,42066.94,42612.32,41520.3,42140.28
2023-12-31,42140.29,42899,41965.84,42283.58
2024-01-01,42283.58,44184.1,42180.77,44179.55
2024-01-02,44179.55,45879.63,44148.34,44946.91
2024-01-03,44946.91,45500,40750,42845.23
2024-01-04,42845.23,44729.58,42613.77,44151.1
2024-01-05,44151.1,44357.46,42450,44145.11
2024-01-06,44145.12,44214.42,43397.05,43968.32
2024-01-07,43968.32,44480.59,43572.09,43929.02
2024-01-08,43929.01,47248.99,43175,46951.04
2024-01-09,46951.04,47972,44748.67,46110
2024-01-10,46110,47695.93,44300.36,46653.99
2024-01-11,46654,48969.48,45606.06,46339.16
2024-01-12,46339.16,46515.53,41500,42782.73
2024-01-13,42782.74,43257,42436.12,42847.99
2024-01-14,42847.99,43079,41720,41732.35
2024-01-15,41732.35,43400.43,41718.05,42511.1
2024-01-16,42511.1,43578.01,42050,43137.95
2024-01-17,43137.94,43198,42200.69,42776.1
2024-01-18,42776.09,42930,40683.28,41327.5
2024-01-19,41327.51,42196.86,40280,41659.03
2024-01-20,41659.03,41872.56,41456.3,41696.04
2024-01-21,41696.05,41881.39,41500.98,41580.33
2024-01-22,41580.32,41689.65,39431.58,39568.02
2024-01-23,39568.02,40176.74,38555,39897.6
2024-01-24,39897.59,40555,39484.19,40084.88
2024-01-25,40084.89,40300.24,39550,39961.09
2024-01-26,39961.09,42246.82,39822.52,41823.51
2024-01-27,41823.51,42200,41394.34,42120.63
2024-01-28,42120.63,42842.68,41620.81,42031.06
2024-01-29,42031.05,43333,41804.88,43302.7
2024-01-30,43302.71,43882.36,42683.99,42941.1
2024-01-31,42941.1,43745.11,42276.84,42580
2024-02-01,42580,43285.13,41884.28,43082.94
2024-02-02,43082.95,43488,42546.79,43200
2024-02-03,43199.99,43380.01,42880,43011.09
2024-02-04,43011.1,43119.04,42222,42582.88
2024-02-05,42582.88,43569.76,42258.1,42708.7
2024-02-06,42708.7,43399.98,42574,43098.95
2024-02-07,43098.96,44396.5,42788,44349.6
2024-02-08,44349.6,45614.3,44331.1,45288.65
2024-02-09,45288.66,48200,45242.12,47132.77
2024-02-10,47132.78,48170,46800,47751.09
2024-02-11,47751.08,48592.66,47557.16,48299.99
2024-02-12,48300,50334.82,47710.01,49917.27
2024-02-13,49917.28,50368.61,48300.95,49699.59
2024-02-14,49699.6,52043.71,49225.01,51795.17
2024-02-15,51795.17,52816.62,51314,51880
2024-02-16,51880.01,52572.08,51566,52124.11
2024-02-17,52124.1,52162.82,50625,51642.64
2024-02-18,51642.64,52377,51163.28,52137.67
2024-02-19,52137.68,52488.77,51677,51774.73
2024-02-20,51774.74,52985,50760.37,52258.82
2024-02-21,52258.82,52366.8,50625,51849.39
2024-02-22,51849.38,52065.78,50940.78,51288.42
2024-02-23,51288.42,51548.54,50521,50744.15
2024-02-24,50744.15,51698,50585,51568.22
2024-02-25,51568.21,51958.55,51279.8,51728.85
2024-02-26,51728.85,54910,50901.44,54476.47
2024-02-27,54476.48,57588.15,54450.13,57037.34
2024-02-28,57037.35,64000,56691.85,62432.1
2024-02-29,62432.11,63676.35,60364.7,61130.98
2024-03-01,61130.99,63114.23,60777,62387.9
2024-03-02,62387.9,62433.19,61561.12,61987.28
2024-03-03,61987.28,63231.88,61320,63113.97
2024-03-04,63113.97,68499,62300,68245.71
2024-03-05,68245.71,69000,59005,63724.01
2024-03-06,63724.01,67641.1,62779.14,66074.04
2024-03-07,66074.04,67980,65551,66823.17
2024-03-08,66823.18,69990,66082.66,68124.19
2024-03-09,68124.2,68541.1,67861.1,68313.27
2024-03-10,68313.28,69887.61,68094.75,68955.88
2024-03-11,68955.88,72800,67024.96,72078.1
2024-03-12,72078.1,73000,68620.82,71452.01
2024-03-13,71452,73650.25,71333.31,73072.41
2024-03-14,73072.4,73777,68555,71388.94
2024-03-15,71388.94,72419.71,65600,69499.85
2024-03-16,69499.84,70043,64780,65300.63
2024-03-17,65300.64,68904.4,64533,68393.48
2024-03-18,68393.47,68956,66565.2,67609.99
2024-03-19,67610,68124.11,61555,61937.4
2024-03-20,61937.41,68100,60775,67840.51
2024-03-21,67840.51,68240.47,64529.01,65501.27
2024-03-22,65501.28,66649.62,62260,63796.64
2024-03-23,63796.64,65999,63000,63990.01
2024-03-24,63990.02,67628.69,63772.29,67209.99
2024-03-25,67210,71150,66385.06,69880.01
2024-03-26,69880,71561.1,69280,69988
2024-03-27,69987.99,71769.54,68359.18,69469.99
2024-03-28,69469.99,71552.06,68903.62,70780.6
2024-03-29,70780.6,70916.16,69009,69850.54
2024-03-30,69850.53,70321.1,69540,69582.18
2024-03-31,69582.17,71366,69562.99,71280.01
2024-04-01,71280,71288.23,68062.86,69649.8
2024-04-02,69649.81,69674.23,64550,65463.99
2024-04-03,65463.99,66903.63,64493.07,65963.28
2024-04-04,65963.27,69309.91,65064.52,68487.79
2024-04-05,68487.8,68756.67,65952.56,67820.62
2024-04-06,67820.63,69692,67447.83,68896
2024-04-07,68896,70326.29,68824,69360.39
2024-04-08,69360.38,72797.99,69043.24,71620
2024-04-09,71620,71758.19,68210,69146
2024-04-10,69146,71172.08,67518,70631.08
2024-04-11,70631.08,71305.89,69567.21,70006.23
2024-04-12,70006.22,71227.46,65086.86,67116.52
2024-04-13,67116.52,67929,60660.57,63924.51
2024-04-14,63924.52,65840,62134,65661.84
2024-04-15,65661.85,66867.07,62274.4,63419.99
2024-04-16,63419.99,64365,61600,63793.39
2024-04-17,63793.4,64499,59678.16,61277.37
2024-04-18,61277.38,64117.09,60803.35,63470.08
2024-04-19,63470.09,65450,59600.01,63818.01
2024-04-20,63818.01,65419,63090.07,64940.59
2024-04-21,64940.58,65695.56,64237.5,64941.15
2024-04-22,64941.15,67232.35,64500,66819.32
2024-04-23,66819.32,67183.01,65765.81,66414
2024-04-24,66414,67070.43,63606.06,64289.59
2024-04-25,64289.58,65297.94,62794,64498.34
2024-04-26,64498.33,64820.01,63297.48,63770.01
2024-04-27,63770,63923.41,62391.24,63461.98
2024-04-28,63461.98,64370,62781,63118.62
2024-04-29,63118.62,64228.35,61765.53,63866
2024-04-30,63866,64734,59191.6,60672
2024-05-01,60672.01,60841.63,56552.82,58364.97
2024-05-02,58364.97,59625,56911.84,59060.61
2024-05-03,59060.6,63333,58811.32,62882.01
2024-05-04,62882.01,64540,62541.03,63892.04
2024-05-05,63892.03,64646,62822.17,64012
2024-05-06,64012,65500,62700,63165.19
2024-05-07,63165.18,64422.41,62261,62312.08
2024-05-08,62312.07,63020.22,60888,61193.03
2024-05-09,61193.03,63429.03,60630,63074.01
2024-05-10,63074,63469.13,60187.12,60799.99
2024-05-11,60799.99,61515,60487.09,60825.99
2024-05-12,60825.99,61888,60610,61483.99
2024-05-13,61484,63450,60749.21,62940.08
2024-05-14,62940.09,63118.36,61142.77,61577.49
2024-05-15,61577.49,66444.16,61319.47,66206.5
2024-05-16,66206.51,66752.01,64602.77,65235.21
2024-05-17,65235.21,67451.2,65106.38,67024
2024-05-18,67024,67400.01,66600,66915.2
2024-05-19,66915.2,67700,65857.25,66274.01
2024-05-20,66274,71515.56,66060.31,71446.62
2024-05-21,71446.62,71979,69162.94,70148.34
2024-05-22,70148.34,70666,68842.19,69166.62
2024-05-23,69166.62,70096.12,66312.16,67969.65
2024-05-24,67969.66,69250,66600.12,68549.99
2024-05-25,68549.99,69610,68500,69290.57
2024-05-26,69290.56,69562.23,68128.01,68507.67
2024-05-27,68507.67,70687.56,68250,69436.43
2024-05-28,69436.43,69591.81,67277.91,68398.39
2024-05-29,68398.4,68935.68,67124.65,67652.42
2024-05-30,67652.41,69500,67128,68352.17
2024-05-31,68352.17,69044.1,66670,67540.01
2024-06-01,67540.01,67900,67428.44,67766.85
2024-06-02,67766.84,68460,67257.47,67765.63
2024-06-03,67765.62,70288,67612.48,68809.9
2024-06-04,68809.89,71063.45,68567.32,70537.84
2024-06-05,70537.83,71758,70383.66,71108
2024-06-06,71108,71700,70117.64,70799.06
2024-06-07,70799.06,71997.02,68420,69355.6
2024-06-08,69355.6,69582.2,69168.02,69310.46
2024-06-09,69310.46,69857.14,69130.24,69648.14
2024-06-10,69648.15,70195.94,69172.29,69540
2024-06-11,69540,69590.01,66051,67314.24
2024-06-12,67314.23,69999,66905,68263.99
2024-06-13,68263.98,68449.3,66251.78,66773.01
2024-06-14,66773.01,67370.24,65078,66043.99
2024-06-15,66043.99,66478.48,65857.1,66228.25
2024-06-16,66228.25,66998.7,66034.5,66676.87
2024-06-17,66676.86,67298.81,65130,66504.33
2024-06-18,66504.33,66588.23,64060,65175.32
2024-06-19,65175.32,65727.54,64666,64974.37
2024-06-20,64974.37,66482.94,64559.15,64869.99
2024-06-21,64869.99,65066.66,63379.35,64143.56
2024-06-22,64143.56,64546.81,63943.82,64262.01
2024-06-23,64262.01,64521,63178.32,63210.01
2024-06-24,63210.01,63369.8,58402,60293.3
2024-06-25,60293.3,62420,60257.06,61806.01
2024-06-26,61806.01,62487.81,60712,60864.99
2024-06-27,60864.98,62389.22,60606.63,61706.47
2024-06-28,61706.46,62225.31,60063,60427.84
2024-06-29,60427.84,61224,60383.77,60986.68
2024-06-30,60986.68,63058.76,60712.21,62772.01
2024-07-01,62772.01,63861.76,62497.2,62899.99
2024-07-02,62900,63288.83,61806.28,62135.47
2024-07-03,62135.46,62285.94,59400,60208.58
2024-07-04,60208.57,60498.19,56771,57050.01
2024-07-05,57050.02,57546,53485.93,56628.79
2024-07-06,56628.79,58475,56018,58230.13
2024-07-07,58230.13,58449.46,55724.37,55857.81
2024-07-08,55857.81,58236.73,54260.16,56714.62
2024-07-09,56714.61,58296,56289.45,58050
2024-07-10,58050,59470,57157.79,57725.85
2024-07-11,57725.85,59650,57050,57339.89
2024-07-12,57339.89,58526.68,56542.47,57889.1
2024-07-13,57889.09,59850,57756.63,59204.02
2024-07-14,59204.01,61420.69,59194.01,60797.91
2024-07-15,60797.91,64900,60632.3,64724.14
2024-07-16,64724.06,65388.97,62373.24,65043.99
2024-07-17,65044,66128.63,63854,64087.99
2024-07-18,64087.99,65133.3,63238.48,63987.92
2024-07-19,63987.92,67386,63300.67,66660
2024-07-20,66660.01,67598,66222.46,67139.96
2024-07-21,67139.97,68366.66,65777,68165.34
2024-07-22,68165.35,68474.55,66559.97,67532.01
2024-07-23,67532,67750.98,65441.08,65936.01
2024-07-24,65936,67102.01,65111,65376
2024-07-25,65376.01,66175.49,63456.7,65799.95
2024-07-26,65799.95,68200,65722.63,67907.99
2024-07-27,67908,69399.99,66650,67896.5
2024-07-28,67896.49,68318.43,67066.66,68249.88
2024-07-29,68249.88,70079.99,66428,66784.69
2024-07-30,66784.68,67000,65302.67,66188
2024-07-31,66188,66849.24,64530,64628
2024-08-01,64628.01,65659.78,62302,65354.02
2024-08-02,65354.02,65596.14,61230.01,61498.33
2024-08-03,61498.34,62198.22,59850,60697.99
2024-08-04,60697.99,61117.63,57122.77,58161
2024-08-05,58161,58305.59,49000,54018.81
2024-08-06,54018.82,57040.99,53950,56022.01
2024-08-07,56022,57736.05,54558.62,55134.16
2024-08-08,55133.76,62745.14,54730,61685.99
2024-08-09,61686,61744.37,59535,60837.99
2024-08-10,60837.99,61470.58,60242,60923.51
2024-08-11,60923.51,61858,58286.73,58712.59
2024-08-12,58712.59,60711.09,57642.21,59346.64
2024-08-13,59346.64,61578.1,58392.88,60587.15
2024-08-14,60587.16,61800,58433.18,58683.39
2024-08-15,58683.39,59849.38,56078.54,57541.06
2024-08-16,57541.05,59817.76,57098.62,58874.6
2024-08-17,58874.59,59700,58785.05,59491.99
2024-08-18,59491.99,60284.99,58408.92,58427.35
2024-08-19,58427.35,59617.63,57787.3,59438.5
2024-08-20,59438.5,61400,58548.23,59013.8
2024-08-21,59013.8,61820.93,58783.47,61156.03
2024-08-22,61156.03,61400,59724.87,60375.84
2024-08-23,60375.83,64955,60342.14,64037.24
2024-08-24,64037.24,64494.5,63531,64157.01
2024-08-25,64157.02,65000,63773.27,64220
2024-08-26,64219.99,64481,62800,62834
2024-08-27,62834,63212,58034.01,59415
2024-08-28,59415,60234.98,57860,59034.9
2024-08-29,59034.9,61166.99,58713.09,59359.01
2024-08-30,59359,59944.07,57701.1,59123.99
2024-08-31,59123.99,59462.38,58744,58973.99
2024-09-01,58974,59076.59,57201,57301.86
2024-09-02,57301.77,59425.69,57128,59132.13
2024-09-03,59132.12,59809.65,57415,57487.73
2024-09-04,57487.74,58519,55606,57970.9
2024-09-05,57970.9,58327.07,55643.65,56180
2024-09-06,56180,57008,52550,53962.97
2024-09-07,53962.97,54850,53745.54,54160.86
2024-09-08,54160.86,55318,53629.01,54869.95
2024-09-09,54869.95,58088,54591.96,57042
2024-09-10,57042.01,58044.36,56386.4,57635.99
2024-09-11,57635.99,57981.71,55545.19,57338
2024-09-12,57338,58588,57324,58132.32
2024-09-13,58132.31,60625,57632.62,60498
2024-09-14,60497.99,60610.45,59400,59993.03
2024-09-15,59993.02,60395.8,58691.05,59132
2024-09-16,59132,59210.7,57493.3,58213.99
2024-09-17,58213.99,61320,57610.01,60313.99
2024-09-18,60313.99,61786.24,59174.8,61759.99
2024-09-19,61759.98,63850,61555,62947.99
2024-09-20,62948,64133.32,62350,63201.05
2024-09-21,63201.05,63559.9,62758,63348.96
2024-09-22,63348.97,64000,62357.93,63578.76
2024-09-23,63578.76,64745.88,62538.75,63339.99
2024-09-24,63339.99,64688,62700,64262.7
2024-09-25,64262.7,64817.99,62947.08,63152.01
2024-09-26,63152.01,65839,62670,65173.99
2024-09-27,65173.99,66498,64819.9,65769.95
2024-09-28,65769.95,66260,65422.23,65858
2024-09-29,65858,66076.12,65432,65602.01
2024-09-30,65602.01,65618.8,62856.3,63327.59
2024-10-01,63327.6,64130.63,60164,60805.78
2024-10-02,60804.92,62390.31,60000,60649.28
2024-10-03,60649.27,61477.19,59828.11,60752.71
2024-10-04,60752.72,62484.85,60459.9,62086
2024-10-05,62086,62370.56,61689.26,62058
2024-10-06,62058.01,62975,61798.97,62819.91
2024-10-07,62819.91,64478.19,62128,62224
2024-10-08,62224.01,63200,61860.31,62160.49
2024-10-09,62160.5,62543.75,60301,60636.02
2024-10-10,60636.01,61321.68,58946,60326.39
2024-10-11,60326.4,63417.56,60087.64,62540
2024-10-12,62539.99,63480,62487.23,63206.22
2024-10-13,63206.23,63285.72,62050,62870.02
2024-10-14,62870.02,66500,62457.81,66083.99
2024-10-15,66084,67950,64800.01,67074.14
2024-10-16,67074.14,68424,66750.49,67620.01
2024-10-17,67620,67939.4,66666,67421.78
2024-10-18,67421.78,69000,67192.36,68428
2024-10-19,68427.99,68693.26,68010,68378
2024-10-20,68377.99,69400,68100,69031.99
2024-10-21,69032,69519.52,66840.67,67377.5
2024-10-22,67377.5,67836.01,66571.42,67426
2024-10-23,67426.01,67472.83,65260,66668.65
2024-10-24,66668.65,68850,66510,68198.28
2024-10-25,68198.27,68771.49,65596.29,66698.33
2024-10-26,66698.32,67454.55,66439.9,67092.76
2024-10-27,67092.76,68332.05,66913.73,68021.7
2024-10-28,68021.69,70270,67618,69962.21
2024-10-29,69962.21,73620.12,69760,72736.42
2024-10-30,72736.41,72961,71436,72344.74
2024-10-31,72344.75,72700,69685.76,70292.01
2024-11-01,70292.01,71632.95,68820.14,69496.01
2024-11-02,69496,69914.37,69000.14,69374.74
2024-11-03,69374.74,69391,67478.73,68775.99
2024-11-04,68775.99,69500,66835,67850.01
2024-11-05,67850.01,70577.91,67476.63,69372.01
2024-11-06,69372.01,76400,69298,75571.99
2024-11-07,75571.99,76849.99,74416,75857.89
2024-11-08,75857.89,77199.99,75555,76509.78
2024-11-09,76509.78,76900,75714.66,76677.46
2024-11-10,76677.46,81500,76492,80370.01
2024-11-11,80370.01,89530.54,80216.01,88647.99
2024-11-12,88648,89940,85072,87952.01
2024-11-13,87952,93265.64,86127.99,90375.2
2024-11-14,90375.21,91790,86668.21,87325.59
2024-11-15,87325.59,91850,87073.38,91032.07
2024-11-16,91032.08,91779.66,90056.17,90586.92
2024-11-17,90587.98,91449.99,88722,89855.99
2024-11-18,89855.98,92594,89376.9,90464.08
2024-11-19,90464.07,93905.51,90357,92310.79
2024-11-20,92310.8,94831.97,91500,94286.56
2024-11-21,94286.56,98988,94040,98317.12
2024-11-22,98317.12,99588.01,97122.11,98892
2024-11-23,98892,98908.85,97136,97672.4
2024-11-24,97672.4,98564,95734.77,97900.04
2024-11-25,97900.05,98871.8,92600.19,93010.01
2024-11-26,93010.01,94973.37,90791.1,91965.16
2024-11-27,91965.16,97208.21,91792.14,95863.11
2024-11-28,95863.11,96564,94640,95643.98
2024-11-29,95643.99,98619.99,95364.99,97460
2024-11-30,97460,97463.95,96092.01,96407.99
2024-12-01,96407.99,97836,95693.88,97185.18
2024-12-02,97185.17,98130,94395,95840.62
2024-12-03,95840.61,96305.52,93578.17,95849.69
2024-12-04,95849.69,99000,94587.83,98587.32
2024-12-05,98587.32,104088,90500,96945.63
2024-12-06,96945.63,101898.99,95981.72,99740.84
2024-12-07,99740.84,100439.18,98844,99831.99
2024-12-08,99831.99,101351,98657.7,101109.59
2024-12-09,101109.6,101215.93,94150.05,97276.47
2024-12-10,97276.48,98270,94256.54,96593
2024-12-11,96593,101888,95658.24,101125
2024-12-12,101125,102540,99311.64,100004.29
2024-12-13,100004.29,101895.26,99205,101424.25
2024-12-14,101424.24,102650,100609.41,101420
2024-12-15,101420,105250,101237.14,104463.99
2024-12-16,104463.99,107793.07,103333,106058.66
2024-12-17,106058.65,108353,105321.49,106133.74
2024-12-18,106133.74,106524.98,100000,100204.01
2024-12-19,100204.01,102800.11,95700,97461.86
2024-12-20,97461.86,98233,92232.54,97805.44
2024-12-21,97805.44,99540.61,96398.39,97291.99
2024-12-22,97292,97448.08,94250.35,95186.27
2024-12-23,95186.28,96538.92,92520,94881.47
2024-12-24,94881.47,99487.99,93569.02,98663.58
2024-12-25,98663.58,99569.15,97632.02,99429.6
2024-12-26,99429.61,99963.7,95199.14,95791.6
2024-12-27,95791.6,97544.58,93500.01,94299.03
2024-12-28,94299.03,95733.99,94135.66,95300
2024-12-29,95300,95340,93009.52,93738.2
2024-12-30,93738.19,95024.5,91530.45,92792.05
2024-12-31,92792.05,96250,92033.73,93576
2025-01-01,93576,95151.15,92888,94591.79
2025-01-02,94591.78,97839.5,94392,96984.79
2025-01-03,96984.79,98976.91,96100.01,98174.18
2025-01-04,98174.17,98778.43,97514.79,98220.5
2025-01-05,98220.51,98836.85,97276.79,98363.61
2025-01-06,98363.61,102480,97920,102235.6
2025-01-07,102235.6,102724.38,96181.81,96954.61
2025-01-08,96954.6,97268.65,92500.9,95060.61
2025-01-09,95060.61,95382.32,91203.67,92552.49
2025-01-10,92552.49,95836,92206.02,94726.11
2025-01-11,94726.1,95050.94,93831.73,94599.99
2025-01-12,94599.99,95450.1,93711.19,94545.06
2025-01-13,94545.07,95940,89256.69,94536.1
2025-01-14,94536.11,97371,94346.22,96560.86
2025-01-15,96560.85,100681.94,96500,100497.35
2025-01-16,100497.35,100866.66,97335.13,99987.3
2025-01-17,99987.3,105865.22,99950.77,104077.48
2025-01-18,104077.47,104988.88,102277.55,104556.23
2025-01-19,104556.23,106422.43,99651.6,101331.57
2025-01-20,101331.57,109588,99550,102260.01
2025-01-21,102260,107240.81,100119.04,106143.82
2025-01-22,106143.82,106394.46,103339.12,103706.66
2025-01-23,103706.66,106850,101262.28,103910.34
2025-01-24,103910.35,107120,102750,104870.5
2025-01-25,104870.51,105286.52,104106.09,104746.85
2025-01-26,104746.86,105500,102520.44,102620
2025-01-27,102620.01,103260,97777.77,102082.83
2025-01-28,102082.83,103800,100272.68,101335.52
2025-01-29,101335.52,104782.68,101328.01,103733.24
2025-01-30,103733.25,106457.44,103278.54,104722.94
2025-01-31,104722.94,106012,101560,102429.56
2025-02-01,102429.56,102783.71,100279.51,100635.65
2025-02-02,100635.66,101456.6,96150,97700.59
2025-02-03,97700.59,102500.01,91231,101328.52
2025-02-04,101328.51,101732.31,96150,97763.13
2025-02-05,97763.14,99149,96155,96612.43
2025-02-06,96612.44,99120,95676.64,96554.35
2025-02-07,96554.35,100137.99,95620.34,96506.8
2025-02-08,96506.8,96880,95688,96444.74
2025-02-09,96444.75,97323.09,94713,96462.75
2025-02-10,96462.75,98345,95256,97430.82
2025-02-11,97430.82,98478.42,94876.88,95778.2
2025-02-12,95778.21,98119.99,94088.23,97869.99
2025-02-13,97870,98083.91,95217.36,96608.14
2025-02-14,96608.13,98826,96252.82,97500.48
2025-02-15,97500.47,97972.26,97223.58,97569.66
2025-02-16,97569.67,97704.47,96046.18,96118.12
2025-02-17,96118.12,97046.59,95205,95780
2025-02-18,95780.01,96753.91,93388.09,95671.74
2025-02-19,95671.74,96899.99,95029.99,96644.37
2025-02-20,96644.37,98711.36,96415.09,98305
2025-02-21,98305.01,99475,94871.95,96181.98
2025-02-22,96181.99,96980,95770.49,96551.01
2025-02-23,96551.01,96650,95227.94,96258
2025-02-24,96258,96500,91349.26,91552.88
2025-02-25,91552.88,92540.69,86050.99,88680.4
2025-02-26,88680.39,89414.15,82256.01,84250.09
2025-02-27,84250.09,87078.46,82716.49,84708.58
2025-02-28,84708.57,85120,78258.52,84349.94
2025-03-01,84349.95,86558,83824.78,86064.53
2025-03-02,86064.54,95000,85050.6,94270
2025-03-03,94269.99,94416.46,85117.11,86220.61
2025-03-04,86221.16,88967.52,81500,87281.98
2025-03-05,87281.98,91000,86334.53,90606.01
2025-03-06,90606,92810.64,87836,89931.89
2025-03-07,89931.88,91283.02,84667.03,86801.75
2025-03-08,86801.74,86897.25,85218.47,86222.45
2025-03-09,86222.46,86500,80000,80734.37
2025-03-10,80734.48,84123.46,77459.91,78595.86
2025-03-11,78595.86,83617.4,76606,82932.99
2025-03-12,82932.99,84539.85,80607.65,83680.12
2025-03-13,83680.12,84336.33,79939.9,81115.78
2025-03-14,81115.78,85309.71,80818.84,83983.2
2025-03-15,83983.19,84676.28,83618,84338.44
2025-03-16,84338.44,85117.04,81981.12,82574.53
2025-03-17,82574.52,84756.83,82456,84010.03
2025-03-18,84010.02,84021.74,81134.66,82715.03
2025-03-19,82715.03,87000,82547.16,86845.94
2025-03-20,86845.93,87453.67,83655.23,84223.39
2025-03-21,84223.38,84850.33,83175.25,84088.79
2025-03-22,84088.79,84539.17,83625.1,83840.59
2025-03-23,83840.59,86129.64,83809.75,86082.5
2025-03-24,86082.5,88765.43,85519.09,87498.16
2025-03-25,87498.16,88539.63,86310,87392.87
2025-03-26,87392.88,88275,85860,86909.17
2025-03-27,86909.17,87756.39,85800,87232.01
2025-03-28,87232.01,87515.67,83585,84424.38
2025-03-29,84424.38,84624.73,81644.81,82648.54
2025-03-30,82648.53,83534.64,81565,82389.99
2025-03-31,82390,83943.08,81278.52,82550.01
2025-04-01,82550,85579.46,82432.74,85158.34
2025-04-02,85158.35,88500,82320,82516.29
2025-04-03,82516.28,83998.02,81211.24,83213.09
2025-04-04,83213.09,84720,81659,83889.87
2025-04-05,83889.87,84266,82379.95,83537.99
2025-04-06,83537.99,83817.63,77153.83,78430
2025-04-07,78430,81243.58,74508,79163.24
2025-04-08,79163.24,80867.99,76239.9,76322.42
2025-04-09,76322.42,83588,74620,82615.22
2025-04-10,82615.22,82753.21,78464.36,79607.3
2025-04-11,79607.3,84300,78969.58,83423.84
2025-04-12,83423.83,85905,82792.95,85276.9
2025-04-13,85276.91,86100,83034.23,83760
2025-04-14,83760,85799.99,83678,84591.58
2025-04-15,84591.58,86496.42,83600,83643.99
2025-04-16,83643.99,85500,83111.64,84030.38
2025-04-17,84030.38,85470.01,83736.26,84947.91
2025-04-18,84947.92,85132.08,84303.96,84474.69
2025-04-19,84474.7,85677.99,84364.45,85077.01
2025-04-20,85077,85320.76,83949.52,85179.24
2025-04-21,85179.24,88465.99,85144.76,87516.23
2025-04-22,87516.22,93888,87076.03,93442.99
2025-04-23,93442.99,94696.05,91935.41,93691.08
2025-04-24,93691.07,94005,91660.01,93980.47
2025-04-25,93980.47,95758.04,92855.96,94638.68
2025-04-26,94638.68,95199,93870.69,94628
2025-04-27,94628,95369,93602.58,93749.3
2025-04-28,93749.29,95630,92800.01,95011.18
2025-04-29,95011.18,95461.53,93742.54,94256.82
2025-04-30,94256.82,95228.45,92910,94172
2025-05-01,94172,97424.02,94130.43,96489.91
2025-05-02,96489.9,97895.68,96350,96887.14
2025-05-03,96887.13,96935.67,95753.01,95856.42
2025-05-04,95856.42,96304.48,94151.38,94277.62
2025-05-05,94277.61,95199,93514.1,94733.68
2025-05-06,94733.68,96920.65,93377,96834.02
2025-05-07,96834.02,97732,95784.61,97030.5
2025-05-08,97030.5,104145.76,96876.29,103261.6
2025-05-09,103261.61,104361.3,102315.14,102971.99
2025-05-10,102971.99,104984.57,102818.76,104809.53
2025-05-11,104809.53,104972,103345.06,104118
2025-05-12,104118,105819.45,100718.37,102791.32
2025-05-13,102791.32,104976.25,101429.7,104103.72
2025-05-14,104103.72,104356.95,102602.05,103507.82
2025-05-15,103507.83,104192.7,101383.07,103763.71
2025-05-16,103763.71,104550.33,103100.49,103463.9
2025-05-17,103463.9,103709.86,102612.5,103126.65
2025-05-18,103126.65,106660,103105.09,106454.26
2025-05-19,106454.27,107108.62,102000,105573.74
2025-05-20,105573.73,107320,104184.72,106849.99
2025-05-21,106850,110797.38,106100.01,109643.99
2025-05-22,109643.99,111980,109177.37,111696.21
2025-05-23,111696.22,111800,106800,107318.3
2025-05-24,107318.3,109506.03,106875.41,107761.91
2025-05-25,107761.9,109299.99,106600.64,109004.19
2025-05-26,109004.2,110422.22,108670.58,109434.79
2025-05-27,109434.78,110718,107516.57,108938.17
2025-05-28,108938.17,109284.7,106769.43,107781.78
2025-05-29,107781.78,108891.91,105322.86,105589.75
2025-05-30,105589.75,106313.12,103621,103985.48
2025-05-31,103985.47,104900,103068.55,104591.88
2025-06-01,104591.88,105866.91,103752.49,105642.93
2025-06-02,105642.93,105935.63,103659.88,105857.99
2025-06-03,105858,106794.67,104872.5,105376.89
2025-06-04,105376.9,106000,104179,104696.86
2025-06-05,104696.86,105909.71,100372.26,101508.68
2025-06-06,101508.69,105333,101095.8,104288.44
2025-06-07,104288.43,105900,103871.09,105552.15
2025-06-08,105552.15,106488.14,104964.14,105734
2025-06-09,105734.01,110530.17,105318.37,110263.02
2025-06-10,110263.02,110400,108331.03,110274.39
2025-06-11,110274.39,110392.01,108064,108645.12
2025-06-12,108645.13,108813.55,105671.72,105671.73
2025-06-13,105671.74,106179.53,102664.31,106066.59
2025-06-14,106066.59,106252,104300,105414.64
2025-06-15,105414.63,106128.57,104494.53,105594.01
2025-06-16,105594.02,108952.38,104980.37,106794.53
2025-06-17,106794.53,107771.34,103371.02,104551.17
2025-06-18,104551.17,105550.27,103500,104886.78
2025-06-19,104886.79,105226.17,103929.27,104658.59
2025-06-20,104658.59,106524.65,102345,103297.99
2025-06-21,103297.98,103982.64,100837.9,102120.01
2025-06-22,102120.02,103399.62,98200,100963.87
2025-06-23,100963.87,106074.2,99613.33,105333.93
2025-06-24,105333.94,106290,104622.02,106083
2025-06-25,106083,108135.3,105808.03,107340.58
2025-06-26,107340.59,108272.45,106562.5,106947.06
2025-06-27,106947.06,107735.34,106356.76,107047.59
2025-06-28,107047.58,107577.75,106811.51,107296.79
2025-06-29,107296.79,108528.5,107172.52,108356.93
2025-06-30,108356.93,108789.99,106733.33,107146.5
2025-07-01,107146.51,107540,105250.85,105681.14
2025-07-02,105681.13,109730,105100.19,108849.6
2025-07-03,108849.59,110529.18,108530.4,109584.78
2025-07-04,109584.77,109767.59,107245,107984.24
2025-07-05,107984.25,108420.56,107756.31,108198.12
2025-07-06,108198.12,109700,107800.01,109203.84
2025-07-07,109203.85,109700,107513.2,108262.94
2025-07-08,108262.94,109216.56,107429.57,108922.98
2025-07-09,108922.99,111999.79,108324.53,111233.99
2025-07-10,111234,116868,110500,116010
2025-07-11,116010.01,118869.98,115222.22,117527.66
2025-07-12,117527.66,118200,116900.05,117420
2025-07-13,117420,119488,117224.79,119086.64
2025-07-14,119086.65,123218,118905.18,119841.18
2025-07-15,119841.17,119940.83,115736.92,117758.09
2025-07-16,117758.08,120063.84,117017.29,118630.43
2025-07-17,118630.44,120998.71,117453.57,119177.56
2025-07-18,119177.56,120820.71,116812.76,117924.84
2025-07-19,117924.84,118499.9,117277.34,117840
2025-07-20,117840.01,118856.8,116467.02,117265.12
2025-07-21,117265.11,119676.73,116515,117380.36
2025-07-22,117380.36,120247.8,116128,119954.42
2025-07-23,119954.43,120090,117301,118755.99
2025-07-24,118756,119450,117103.1,118340.99
2025-07-25,118340.98,118451.57,114723.16,117614.31
2025-07-26,117614.31,118297.35,117138.38,117919.99
2025-07-27,117919.99,119766.65,117825.5,119415.55
2025-07-28,119415.56,119800,117427.5,118062.32
2025-07-29,118062.32,119273.36,116950.75,117950.76
2025-07-30,117950.75,118792,115796.23,117840.3
2025-07-31,117840.29,118922.45,115500,115764.08
2025-08-01,115764.07,116052,112722.58,113297.93
2025-08-02,113297.92,114063.49,112003,112546.35
2025-08-03,112546.35,114799.97,111920,114208.8
2025-08-04,114208.81,115720,114107.6,115055.03
2025-08-05,115055.03,115127.81,112650,114129.75
2025-08-06,114129.75,115716,113355.13,114992.27
2025-08-07,114992.27,117621,114259,117472.01
2025-08-08,117472.02,117630,115878.71,116674.74
2025-08-09,116674.74,117944.05,116299.13,116462.25
2025-08-10,116462.25,119311.11,116460.63,119294.01
2025-08-11,119294.27,122335.16,118050.11,118686
2025-08-12,118686,120324.43,118207.47,120134.08
2025-08-13,120134.09,123667.79,118920.92,123306.43
2025-08-14,123306.44,124474,117180,118295.09
2025-08-15,118295.09,119216.82,116803.99,117342.05
2025-08-16,117342.04,117898.99,117143.98,117380.66
2025-08-17,117380.66,118575,117172.21,117405.01
2025-08-18,117405.01,117543.75,114640.14,116227.05
2025-08-19,116227.05,116725.69,112732.58,112872.94
2025-08-20,112872.95,114615.38,112380,114271.24
2025-08-21,114271.23,114821.76,112015.67,112500
2025-08-22,112500,117429.05,111684.79,116935.99
2025-08-23,116936,117030,114560,115438.05
2025-08-24,115438.06,115666.68,110680,113493.59
2025-08-25,113493.59,113667.28,109274.1,110111.98
2025-08-26,110111.98,112371,108666.66,111763.22
2025-08-27,111763.22,112625,110345.42,111262.01
2025-08-28,111262.01,113485.9,110862.42,112566.9
2025-08-29,112566.9,112638.64,107463.9,108377.4
2025-08-30,108377.4,108926.15,107350.1,108816.33
2025-08-31,108816.33,109480.02,108076.93,108246.35
2025-09-01,108246.36,109912.4,107255,109237.42
2025-09-02,109237.43,111771.52,108393.39,111240.01
2025-09-03,111240.01,112575.27,110528.71,111705.71
2025-09-04,111705.72,112180,109329.12,110730.87
2025-09-05,110730.87,113384.62,110206.96,110659.99
2025-09-06,110660,111307.7,109977,110187.97
2025-09-07,110187.98,111600,110180,111137.34
2025-09-08,111137.35,112924.37,110621.78,112065.23
2025-09-09,112065.23,113293.29,110766.66,111546.39
2025-09-10,111546.38,114313.13,110917.45,113960
2025-09-11,113960,115488.09,113430,115482.69
2025-09-12,115482.69,116665.63,114740.99,116029.42
2025-09-13,116029.41,116298.78,115127.27,115918.29
2025-09-14,115918.29,116165.19,115135,115268.01
2025-09-15,115268.01,116757.99,114384,115349.71
2025-09-16,115349.71,116964.27,114737.11,116788.96
2025-09-17,116788.96,117286.73,114720.81,116447.59
2025-09-18,116447.6,117900,116092.76,117073.53
2025-09-19,117073.53,117459.99,115100,115632.38
2025-09-20,115632.39,116121.81,115408.47,115685.63
2025-09-21,115685.63,115819.06,115188,115232.29
2025-09-22,115232.29,115379.25,111800,112650.99
2025-09-23,112650.99,113290.5,111458.73,111998.8
2025-09-24,111998.8,113940,111042.66,113307
2025-09-25,113307.01,113510.23,108631.51,108994.49
2025-09-26,108994.49,110300,108620.07,109643.46
2025-09-27,109643.46,109743.91,109064.4,109635.85
2025-09-28,109635.85,112350,109189.99,112163.95
2025-09-29,112163.96,114400,111560.65,114311.96
2025-09-30,114311.97,114792,112656.27,114048.93
2025-10-01,114048.94,118649.1,113966.67,118594.99
2025-10-02,118594.99,121022.07,118279.31,120529.35
2025-10-03,120529.35,123894.99,119248.3,122232
2025-10-04,122232.21,122800,121510,122391
2025-10-05,122390.99,125708.42,122136,123482.31
2025-10-06,123482.32,126199.63,123084,124658.54
2025-10-07,124658.54,125126,120574.94,121332.95
2025-10-08,121332.96,124197.25,121066.14,123306
2025-10-09,123306.01,123762.94,119651.47,121662.4
2025-10-10,121662.41,122550,102000,112774.5
2025-10-11,112774.49,113322.39,109561.59,110644.4
2025-10-12,110644.4,115770,109565.06,114958.8
2025-10-13,114958.81,115963.81,113616.5,115166
2025-10-14,115166,115409.96,109866,113028.14
2025-10-15,113028.13,113612.35,110164,110763.28
2025-10-16,110763.28,111982.45,107427,108194.28
2025-10-17,108194.27,109240,103528.23,106431.68
2025-10-18,106431.68,107499,106322.2,107185.01
2025-10-19,107185,109450.07,106103.36,108642.78
2025-10-20,108642.77,111705.56,107402.52,110532.09
2025-10-21,110532.09,114000,107473.72,108297.67
2025-10-22,108297.66,109163.88,106666.69,107567.44
2025-10-23,107567.45,111293.61,107500,110078.18
2025-10-24,110078.19,112104.98,109700.01,111004.89
2025-10-25,111004.9,111943.19,110672.86,111646.27
2025-10-26,111646.27,115466.8,111260.45,114559.4
2025-10-27,114559.41,116400,113830.01,114107.65
2025-10-28,114107.65,116086,112211,112898.45
2025-10-29,112898.44,113643.73,109200,110021.29
2025-10-30,110021.3,111592,106304.34,108322.88
2025-10-31,108322.87,111190,108275.28,109608.01
2025-11-01,109608.01,110564.49,109394.81,110098.1
2025-11-02,110098.1,111250.01,109471.34,110540.68
2025-11-03,110540.69,110750,105306.56,106583.04
2025-11-04,106583.05,107299,98944.36,101497.22
2025-11-05,101497.23,104534.74,98966.8,103885.16
2025-11-06,103885.16,104200,100300.95,101346.04
2025-11-07,101346.04,104096.36,99260.86,103339.08
2025-11-08,103339.09,103406.22,101454,102312.94
2025-11-09,102312.95,105495.62,101400,104722.96
2025-11-10,104722.95,106670.11,104265.02,106011.13
2025-11-11,106011.13,107500,102476.09,103058.99
2025-11-12,103059,105333.33,100813.59,101654.37
2025-11-13,101654.37,104085.01,98000.4,99692.02
2025-11-14,99692.03,99866.02,94012.45,94594
2025-11-15,94594,96846.68,94558.49,95596.24
2025-11-16,95596.23,96635.11,93005.55,94261.44
2025-11-17,94261.45,96043,91220,92215.14
2025-11-18,92215.14,93836.01,89253.78,92960.83
2025-11-19,92960.83,92980.22,88608,91554.96
2025-11-20,91554.96,93160,86100,86637.23
2025-11-21,86637.22,87498.94,80600,85129.43
2025-11-22,85129.42,85620,83500,84739.74
2025-11-23,84739.75,88127.64,84667.57,86830
2025-11-24,86830,89228,85272,88300.01
2025-11-25,88300.01,88519.99,86116,87369.96
2025-11-26,87369.97,90656.08,86306.77,90484.02
2025-11-27,90484.01,91950,90089.91,91333.95
2025-11-28,91333.94,93092,90180.63,90890.7
2025-11-29,90890.71,91165.65,90155.47,90802.44
2025-11-30,90802.44,92000.01,90336.9,90360
2025-12-01,90360.01,90417,83822.76,86286.01
2025-12-02,86286.01,92307.65,86184.39,91277.88
2025-12-03,91277.88,94150,90990.23,93429.95
2025-12-04,93429.95,94080,90889,92078.06
2025-12-05,92078.06,92692.36,88056,89330.04
2025-12-06,89330.04,90289.97,88908.01,89236.79
2025-12-07,89236.8,91760,87719.28,90395.31
2025-12-08,90395.32,92287.15,89612,90634.34
2025-12-09,90634.35,94588.99,89500,92678.8
2025-12-10,92678.81,94476,91563.15,92015.37
2025-12-11,92015.38,93555,89260.63,92513.38
2025-12-12,92513.38,92754,89480,90268.42
2025-12-13,90268.43,90634.55,89766.39,90240.01
2025-12-14,90240,90472.4,87577.36,88172.17
2025-12-15,88172.16,90052.64,85146.64,86432.08
2025-12-16,86432.08,88175.98,85266,87863.42
2025-12-17,87863.43,90365.85,85314,86243.22
2025-12-18,86243.23,89477.61,84450.01,85516.41
2025-12-19,85516.41,89399.97,85110.24,88136.94
2025-12-20,88136.95,88573.07,87795.76,88360.9
2025-12-21,88360.91,89081.77,87600.04,88658.86
2025-12-22,88658.87,90588.23,87900,88620.79
2025-12-23,88620.79,88940,86601.9,87486
2025-12-24,87486,88049.89,86420,87669.45
2025-12-25,87669.44,88592.74,86934.72,87225.27
2025-12-26,87225.27,89567.75,86655.08,87369.56
2025-12-27,87369.56,87984,87253.05,87877.01
2025-12-28,87877,88088.75,87435,87952.71
2025-12-29,87952.71,90406.08,86806.5,87237.13
2025-12-30,87237.13,89400,86845.66,88485.49
2025-12-31,88485.5,89200,87250,87648.22
2026-01-01,87648.21,88919.45,87550.43,88839.04
2026-01-02,88839.05,90961.81,88379.88,89995.13
2026-01-03,89995.14,90741.16,89314.01,90628.01
2026-01-04,90628.01,91810,90628,91529.73
2026-01-05,91529.74,94789.08,91514.81,93859.71
2026-01-06,93859.71,94444.44,91262.94,93747.97
2026-01-07,93747.97,93747.97,90675.52,91364.16
2026-01-08,91364.16,91687.99,89311,91099.99
2026-01-09,91100,92082.55,89694.66,90641.28
2026-01-10,90641.27,90832,90404,90504.7
2026-01-11,90504.7,91283.89,90236,91013.65
2026-01-12,91013.66,92519.95,90128.44,91296.2
2026-01-13,91296.2,96495,91042.66,95414
2026-01-14,95413.99,97924.49,94559.28,96951.78
2026-01-15,96951.78,97193.34,95134.48,95604.8
2026-01-16,95604.81,95871.47,94293.46,95550.94
2026-01-17,95550.94,95639.45,95021.67,95147.77
2026-01-18,95147.77,95531.12,93615.4,93673.14
2026-01-19,93673.14,93673.14,91910.2,92631
2026-01-20,92630.99,92870,87895.98,88427.66
2026-01-21,88427.66,90574,87263.53,89454.73
2026-01-22,89454.73,90359.99,88515.37,89559.67
2026-01-23,89559.68,91224.99,88578.36,89600.26
2026-01-24,89600.26,89957.39,89162.08,89225.34
2026-01-25,89225.34,89319.13,86074.72,86670.36
2026-01-26,86670.36,88860,86509.63,88347.08
2026-01-27,88347.08,89523.16,87304.33,89250
2026-01-28,89249.99,90600,88833.65,89299.99
2026-01-29,89300,89348,83383.33,84650.16
2026-01-30,84650.16,84735.75,81118,84260.49
2026-01-31,84260.5,84270.02,75719.9,78741.09
2026-02-01,78741.1,79424,75700,76968.21
2026-02-02,76968.22,79360,74604,78738.61
2026-02-03,78738.6,79186.81,72945.5,75770.21
2026-02-04,75770.21,76971.52,71888,73165.83
2026-02-05,73165.84,73341.18,62345,62909.86
2026-02-06,62909.87,71751.33,60000,70580.26
2026-02-07,70580.26,71690.07,67300,69289.38
2026-02-08,69289.37,72271.41,68888,70330.38
2026-02-09,70330.38,71453.53,68308,70138
2026-02-10,70138,70527.59,67800,68841.29
2026-02-11,68841.28,69292.88,65756,67082.52
2026-02-12,67082.52,68410.52,65118,66272.17
2026-02-13,66272.17,69482.97,65872.46,68853.96
2026-02-14,68853.97,70560.01,68730.13,69822.95
2026-02-15,69822.94,70983,68000,68832.58
2026-02-16,68832.59,70126.67,67294.11,68892.43
2026-02-17,68892.43,69241.5,66621.06,67503.52
2026-02-18,67503.52,68476.22,65870,66461
2026-02-19,66461,67320,65631.83,67003.73
2026-02-20,67003.73,68318.39,66280.2,68020.01
2026-02-21,68020,68698.7,67534.69,67975.93
2026-02-22,67975.93,68245,67190,67643.4
2026-02-23,67643.39,67684.86,63888.79,64656.02
2026-02-24,64656.01,65026.75,62510.28,64058.15
2026-02-25,64058.15,69988.83,63913.27,67988.04
2026-02-26,67988.04,68860,66500,67485.18
2026-02-27,67485.19,68216.8,64914.46,65872.1
2026-02-28,65872.09,67760,63030,66973.26
2026-03-01,66973.26,68199.99,65056,65776.47
2026-03-02,65776.48,70096,65259.21,68830.06
2026-03-03,68830.06,69258.08,66158,68338
2026-03-04,68338.01,74050,67400,72666.77
2026-03-05,72666.77,73558.15,70645.47,70890.72
2026-03-06,70891.02,71419.98,67744.78,68114.02
2026-03-07,68114.02,68551.04,66915.26,67262.91
2026-03-08,67262.91,68200,65618.49,65971.2
2026-03-09,65971.2,69516.65,65821.97,68432.16
2026-03-10,68432.16,71777,68391.41,69948.63
2026-03-11,69948.64,71321,68977.91,70191.86
2026-03-12,70191.86,70800,69205.91,70541.34
2026-03-13,70541.34,73913.74,70386.01,70930
2026-03-14,70930.01,71307.92,70317,71211.95
2026-03-15,71211.95,73199,70858.82,72815.24
2026-03-16,72815.25,74909.08,72270.41,74884.67
2026-03-17,74884.67,76000,73399.19,73909.36
2026-03-18,73909.37,74672.34,70500,71246.54
2026-03-19,71246.55,71613.79,68793.35,69930
2026-03-20,69930.01,71367,69388,70510.73
2026-03-21,70510.73,71100.94,68571.42,68918.12
2026-03-22,68918.12,69588.79,67360.66,67859
2026-03-23,67859,71817.09,67445.18,70906.45
2026-03-24,70906.45,71400,68923.07,70556.74
2026-03-25,70556.74,72026.09,70408,71336.53
2026-03-26,71336.53,71436.82,68153,68820.31
2026-03-27,68820.31,69179.05,65548.25,66407.28
2026-03-28,66407.28,67288.94,65932.09,66377.03
2026-03-29,66377.04,67130.5,65000,66010.93
2026-03-30,66010.93,68169.65,65800.59,66797.37
2026-03-31,66797.38,68589.49,65998.05,68284.48
2026-04-01,68284.49,69310,67578.75,68113.92
2026-04-02,68113.92,68653.38,65712.12,66901.99
2026-04-03,66901.99,67370.42,66282,66964.3
2026-04-04,66964.29,67562.93,66775.91,67300.42
2026-04-05,67300.42,69136.2,66611.66,69034.18
2026-04-06,69034.18,70351.46,68300,68853.66
2026-04-07,68853.66,72761,67732.01,71924.22
2026-04-08,71924.22,72857,70707.23,71069.93
2026-04-09,71069.93,73145,70466,71787.97
2026-04-10,71787.98,73434,71426.15,72962.7
2026-04-11,72962.71,73790,72513.09,73043.16
2026-04-12,73043.16,73137.24,70505.88,70740.98
2026-04-13,70741.56,74900,70566.99,74417.99
2026-04-14,74418,76038,73795.47,74131.55
2026-04-15,74131.55,75425,73514,74809.99
2026-04-16,74809.99,75534.76,73309.85,75154.29
2026-04-17,75154.28,78333,74529.4,77072
2026-04-18,77072.01,77420.08,75445.16,75691.76
2026-04-19,75691.76,76240.66,73762.9,73801.79
2026-04-20,73801.8,76558.62,73724.31,75840.97
2026-04-21,75840.97,76927.57,74821.57,76336.15
2026-04-22,76336.14,79472.82,76132.95,78178.23
2026-04-23,78178.22,78662.5,76960,78257.48
2026-04-24,78257.48,78581.93,77264.08,77437.13
2026-04-25,77437.13,77885.35,77140.23,77625
2026-04-26,77625,78961,77326.51,78657.55
2026-04-27,78657.55,79485.66,76459.64,77371.32
2026-04-28,77371.32,77478,75666.6,76342.77
2026-04-29,76342.78,77904.93,74937.52,75780
2026-04-30,75780,76669.14,75323.65,76346.57
2026-05-01,76346.58,78914.12,76320.42,78231.13
2026-05-02,78231.13,79199.48,78040,78686.85
2026-05-03,78686.84,79447,78084.08,78568.57
2026-05-04,78568.58,80776.99,78202,79861.01
2026-05-05,79861.01,81791.48,79808.72,80905.52
2026-05-06,80905.53,82850,80731.14,81447.01
2026-05-07,81447.01,81708.32,79500,80006
2026-05-08,80006,80500,79181.48,80193.17
2026-05-09,80193.18,81080,80129.85,80678.4
2026-05-10,80678.41,82479.32,80279.77,82210.07
2026-05-11,82210.07,82380,80462.97,81745.65
2026-05-12,81745.66,81788,79843.59,80504.47
2026-05-13,80504.47,81324.64,78754.65,79313.61
2026-05-14,79313.61,82048.13,78922,81089.99
2026-05-15,81090,81664.45,78659,79113.21
2026-05-16,79113.2,79227.77,77640,78148.05
2026-05-17,78148.05,78599.99,76735.16,77457.67
2026-05-18,77457.67,77800,76051,77001.87
2026-05-19,77001.88,77414.62,76144.71,76834.36
2026-05-20,76834.36,77853.04,76516.74,77552.23
2026-05-21,77552.24,78200,76719.47,77615.52
2026-05-22,77615.52,77900,75359.18,75539.5
2026-05-23,75539.5,77404.18,74289.6,76752.01
2026-05-24,76752,77543.15,76108,77064.96
2026-05-25,77064.96,77905.52,76914.25,77322.01
2026-05-26,77322.01,78080,75677.97,75930.01
2026-05-27,75930.01,76174.15,74243.99,74449.3
2026-05-28,74449.31,74590.77,72582.82,73617.51
2026-05-29,73617.52,74514.1,72512.49,73460.78
2026-05-30,73460.78,74143.76,73216,73884.38
2026-05-31,73884.38,74275.66,73400,73674.39
2026-06-01,73674.39,74092,70686.68,71408.9
2026-06-02,71408.9,71408.9,66193,66760.83
2026-06-03,66760.84,67516,64092.49,64142.75
2026-06-04,64142.75,64764.32,61383.56,63885.99
2026-06-05,63885.99,63978,59130.91,61056.47
2026-06-06,61056.47,61530.05,59500,60884.62
2026-06-07,60884.62,64234.68,60746,63332.01
2026-06-08,63332.01,64200,62408,63085.99
2026-06-09,63086,63526.01,60780,61730
2026-06-10,61730,62857.99,60755,61510.99
2026-06-11,61510.99,63933.02,61510.99,63625.99
2026-06-12,63626,64394.44,62829.81,63580.01
2026-06-13,63580,64762.77,63418.66,64458.01
2026-06-14,64458.01,65800,63678.83,65746.45
2026-06-15,65746.45,67292.15,65354,66328.74
2026-06-16,66328.74,66992,65360.92,65675.01
2026-06-17,65675.02,66445.93,63915.77,64509.4
2026-06-18,64509.4,64806,62272.07,62958.01
2026-06-19,62958.01,63666,62316.44,63543.91
2026-06-20,63543.9,64388,63184.21,64298.01
2026-06-21,64298.01,64588,63270,63311.99
2026-06-22,63312,65622.83,63312,64020.01
2026-06-23,64020.01,64275.38,61938,62734.57
2026-06-24,62734.57,63239.06,59102.7,61077.99
2026-06-25,61078,61962.4,58115.01,59794
2026-06-26,59794.64,60759.99,58337,60097.27
2026-06-27,60097.27,60941.17,59855.16,60029
2026-06-28,60029.01,60545.01,58905,59577.01
2026-06-29,59577.01,60780.57,58900.01,60260.21
2026-06-30,60260.2,60276.54,58201,58624.71
2026-07-01,58624.71,61334,57800.19,60024
2026-07-02,60024,62200,59588,61560
2026-07-03,61560,62979.86,61248.86,62583.26
2026-07-04,62583.26,63461.99,62328.24,63144.01
2026-07-05,63144.01,63999,62436.59,63650
2026-07-06,63650.01,64700,61306.84,64042.02
2026-07-07,64042.93,64314,62671.39,63363.99
2026-07-08,63364,63761.99,61544.56,62290
2026-07-09,62290.01,63500,61705.29,63230
2026-07-10,63230.01,64692.83,62926.01,64161.72
2026-07-11,64161.72,64504.11,63819,63819
2026-07-12,63819.01,64290.11,63640.83,63780
2026-07-13,63780,64425,61824.97,62334.52
2026-07-14,62334.52,65100,62272.2,65043.98
2026-07-15,65043.99,65600,64485,64756.28
2026-07-16,64756.28,64997.52,63748.74,63830.2
2026-07-17,63830.2,64387.99,62537.56,63931.67
2026-07-18,63931.67,64865,63886.65,64834.22
2026-07-19,64834.21,64967.25,64280,64722.54
2026-07-20,64722.55,65799,63100,65255.51
2026-07-21,65255.51,66956.15,65148.75,66556.16
2026-07-22,66556.15,66739.89,65553.67,66114.49
2026-07-23,66114.5,66313.14,64650,65098.97
2026-07-24,65098.98,65808.59,63739.75,64139.99
2026-07-25,64140,64475.28,63810,64375
2026-07-26,64375.01,65577,64293.81,65399.99
2026-07-27,65400,65744.6,63605.56,63755.86
2026-07-28,63755.86,64100,62742.47,63915
2026-07-29,63915,64744.81,63267.34,63984.28
2026-07-30,63984.29,65176.6,63603.92,64780.02
2026-07-31,64780.03,65409.56,62466,62887.88
2026-08-01,62887.88,63150,62275,62823.64
2026-08-02,62823.65,63796.33,62806.58,63570
2026-08-03,63570.01,64080,62300,63520
2026-08-04,63520,64549.16,63322.01,64106.56
2026-08-05,64106.55,65025.22,63880,64665.23
2026-08-06,64665.24,64999,64172,64323.61
2026-08-07,64323.61,65390.99,64166,64923.19
2026-08-08,64923.2,65192.54,64784.19,64962.6
2026-08-09,64962.6,65474.46,64730.08,64901.59
2026-08-10,64901.59,65391.14,63806.27,63970.01
2026-08-11,63970.01,64515.43,63238,63600
2026-08-12,63600.01,64500,63310.34,63479.99
2026-08-13,63479.99,64010,62802.27,63490.86
2026-08-14,63490.86,63617.45,62535.24,63043.56
2026-08-15,63043.56,63187.98,62920,63086.01
2026-08-16,63086.01,63390,62716,62900
2026-08-17,62900,64610.01,62751.1,64532.1
2026-08-18,64532.11,65058.81,64027.85,64725.42
2026-08-19,64725.42,70000,64166,69334.79
2026-08-20,69334.78,73400,68902.22,73025.15
2026-08-21,73027.02,79500,73027.02,78338.03
2026-08-22,78338.03,78828.15,76500,77074.93
2026-08-23,77074.94,78052.85,75545.67,77734
2026-08-24,77734,80000,76670.01,78992.75
2026-08-25,78992.76,81272.62,77851,78539.14
2026-08-26,78539.13,79251.6,77632.58,79023.75
2026-08-27,79023.75,80848.74,78546.13,80249.58
2026-08-28,80249.59,81478.87,76888,77845.87
2026-08-29,77845.88,78330,77382.37,78230
2026-08-30,78230,79400,77000,77682
2026-08-31,77682,79250,77392,78581.29
2026-09-01,78581.3,79220.61,76420,77439
2026-09-02,77439.01,77792,76264,77340.01
2026-09-03,77340.01,82300,76968,81270.37
2026-09-04,81270.37,81427.75,78660,79660.77
2026-09-05,79660.77,80200,79442,79831.75
2026-09-06,79831.75,80559.99,79233,80341.83
2026-09-07,80341.83,80443.99,78680,79112.01
2026-09-08,79112,79485,77620.01,78455.8
2026-09-09,78455.8,79760,77770,78306.43
2026-09-10,78306.43,78564.39,76464,76568.72
2026-09-11,76568.73,79890,76046.58,77225.7
2026-09-12,77225.71,77505.67,77059.75,77278.73
2026-09-13,77278.73,77450,76500,76842.01
2026-09-14,76842.01,79600,76388.72,78189.21
2026-09-15,78189.2,78250.46,74967.97,75644.48
2026-09-16,75644.48,76560.76,75064.82,76206.01
2026-09-17,76206,77179.47,76000,76417.01
2026-09-18,76417.01,81400,76296,80883.87
2026-09-19,80883.86,81951,80844.58,81249.99
2026-09-20,81249.99,81497.33,80126.04,81178
2026-09-21,81178.01,87395.67,80850.22,86620
2026-09-22,86620.01,86717.6,85114,86208.56
2026-09-23,86208.57,87278.54,83500.01,84397.6
2026-09-24,84397.6,84942.45,82874.93,84410.24
2026-09-25,84410.24,85255,83183,84099.99
2026-09-26,84100,84473.58,83798,84433.1
2026-09-27,84433.11,85159.03,84132,84472
2026-09-28,84472.01,84999,82563,83500.01
